Player,Pos,School,Ht,Wt,40yd,Vertical,Bench,Broad Jump,3Cone,Shuttle,Drafted (tm/rnd/yr)
Brandon Aiyuk,WR,Arizona State,36678,205,4.5,40,11,128,,,San Francisco 49ers / 1st / 25th pick / 2020
Damon Arnette,CB,Ohio State,36678,195,4.56,,,,,,Las Vegas Raiders / 1st / 19th pick / 2020
Markus Bailey,LB,Purdue,36678,235,,,15,,,,Cincinnati Bengals / 7th / 215th pick / 2020
Francis Bernard,LB,Utah,36678,234,4.81,32.5,19,120,,,
Julian Blackmon,S,Utah,36678,187,,,,,,,Indianapolis Colts / 3rd / 85th pick / 2020
Jordyn Brooks,LB,Texas Tech,36678,240,4.54,,,,,,Seattle Seahawks / 1st / 27th pick / 2020
Rodney Clemons,S,SMU,36678,209,4.71,33.5,21,118,,,
AJ Dillon,RB,Boston College,36678,247,4.53,41,23,131,7.19,,Green Bay Packers / 2nd / 62nd pick / 2020
Jalen Elliott,S,Notre Dame,36678,205,4.8,34,15,125,6.87,4.3,
Kristian Fulton,CB,LSU,36678,197,4.46,35.5,,123,6.94,4.36,Tennessee Titans / 2nd / 61st pick / 2020
Antonio Gibson,WR,Memphis,36678,228,4.39,35,16,118,,,Washington Football Team / 3rd / 66th pick / 2020
Scoota Harris,LB,Arkansas,36678,234,4.69,33,18,111,7.38,4.32,
K.J. Hill,WR,Ohio State,36678,196,4.6,32.5,17,114,,,Los Angeles Chargers / 7th / 220th pick / 2020
Dane Jackson,CB,Pittsburgh,36678,187,4.57,35,,122,7.07,4.27,Buffalo Bills / 7th / 239th pick / 2020
Jaylon Johnson,CB,Utah,36678,193,4.5,36.5,15,124,7.01,4.13,Chicago Bears / 2nd / 50th pick / 2020
Javon Leake,RB,Maryland,36678,215,4.65,34,,125,,,
Kalija Lipscomb,WR,Vanderbilt,36678,207,4.57,32,16,127,,,
Xavier McKinney,S,Alabama,36678,201,4.63,36,19,122,,,New York Giants / 2nd / 36th pick / 2020
James Pierre,CB,Florida Atlantic,36678,183,4.59,33.5,,123,7.02,,
Shaquille Quarterman,LB,Miami,36678,234,4.74,31,23,120,,,Jacksonville Jaguars / 4th / 140th pick / 2020
Patrick Queen,LB,LSU,36678,229,4.5,35,18,125,,,Baltimore Ravens / 1st / 28th pick / 2020
Joe Reed,WR,Virginia,36678,224,4.47,38,21,123,,,Los Angeles Chargers / 5th / 151st pick / 2020
L'Jarius Sneed,S,Louisiana Tech,36678,192,4.37,41,12,131,,,Kansas City Chiefs / 4th / 138th pick / 2020
Darrell Stewart,WR,Michigan State,36678,212,,35,15,117,,,
Freddie Swain,WR,Florida,36678,197,4.46,36.5,16,124,7.05,4.26,Seattle Seahawks / 6th / 214th pick / 2020
Tua Tagovailoa,QB,Alabama,36678,217,,,,,,,Miami Dolphins / 1st / 5th pick / 2020
Davion Taylor,LB,Colorado,36678,228,4.49,35,21,127,6.96,4.26,Philadelphia Eagles / 3rd / 103rd pick / 2020
Stantley Thomas-Oliver,CB,Florida International,36678,192,4.48,34,,127,,,Carolina Panthers / 7th / 221st pick / 2020
Michael Turk,P,Arizona State,36678,226,4.79,34.5,25,108,,4.72,
Quez Watkins,WR,Southern Miss,36678,185,4.35,36.5,,125,7.28,4.36,Philadelphia Eagles / 6th / 200th pick / 2020
J.J. Taylor,RB,Arizona,45051,185,4.61,34.5,19,118,7,4.15,
Clyde Edwards-Helaire,RB,LSU,45053,207,4.6,39.5,15,123,,,Kansas City Chiefs / 1st / 32nd pick / 2020
Trajan Bandy,CB,Miami,45054,180,4.5,,10,,,,
Myles Bryant,CB,Washington,45054,183,4.62,31.5,,115,6.81,4.02,
Raymond Calais,RB,Louisiana-Lafayette,45054,188,4.42,37.5,20,120,,,Tampa Bay Buccaneers / 7th / 245th pick / 2020
Javaris Davis,CB,Auburn,45054,183,4.39,35.5,11,124,,,
JaMycal Hasty,RB,Baylor,45054,205,4.55,39,15,123,,4.03,
Benny LeMay,RB,Charlotte,45054,221,4.75,28.5,24,112,,,
Anthony McFarland,RB,Maryland,45054,208,4.44,29.5,,116,,,Pittsburgh Steelers / 4th / 124th pick / 2020
Scottie Phillips,RB,Mississippi,45054,209,4.56,30,29,114,7.4,4.53,
Amik Robertson,CB,Louisiana Tech,45054,187,,,,,,,Las Vegas Raiders / 4th / 139th pick / 2020
D'Andre Swift,RB,Georgia,45054,212,4.48,35.5,,121,,,Detroit Lions / 2nd / 35th pick / 2020
Grayland Arnold,CB,Baylor,45055,186,4.59,33,12,120,7.01,4.3,
Essang Bassey,CB,Wake Forest,45055,191,4.46,39.5,12,128,6.95,4.13,
LeVante Bellamy,RB,Western Michigan,45055,192,4.5,39.5,16,125,,,
Eno Benjamin,RB,Arizona State,45055,207,4.57,39,12,122,6.97,4.25,Arizona Cardinals / 7th / 222nd pick / 2020
J.K. Dobbins,RB,Ohio State,45055,209,,,23,,,,Baltimore Ravens / 2nd / 55th pick / 2020
Chris Finke,WR,Notre Dame,45055,186,4.57,40,7,,,,
Javelin Guidry,CB,Utah,45055,191,4.29,,21,,,,
KJ Hamler,WR,Penn State,45055,178,,,15,,,,Denver Broncos / 2nd / 46th pick / 2020
Antoine Winfield Jr.,S,Minnesota,45055,203,4.45,36,,124,,,Tampa Bay Buccaneers / 2nd / 45th pick / 2020
Zack Moss,RB,Utah,45055,223,4.65,33,19,,,4.37,Buffalo Bills / 3rd / 86th pick / 2020
Malcolm Perry,WR,Navy,45055,186,4.63,36,10,122,7.12,4.31,Miami Dolphins / 7th / 246th pick / 2020
James Robinson,RB,Illinois State,45055,219,4.64,40,24,125,7.03,4.19,
Josiah Scott,CB,Michigan State,45055,185,4.42,,17,,,,Jacksonville Jaguars / 4th / 137th pick / 2020
Jeff Thomas,WR,Miami,45055,170,4.45,36.5,,125,,,
Mike Warren,RB,Cincinnati,45055,226,,,16,,,,
Cam Akers,RB,Florida State,45056,217,4.47,35.5,20,122,,4.42,Los Angeles Rams / 2nd / 52nd pick / 2020
Jet Anderson,RB,TCU,45056,208,4.61,36,19,128,,4.19,
Tyler Bass,K,Georgia Southern,45056,185,,,,,,,Buffalo Bills / 6th / 188th pick / 2020
Shyheim Carter,S,Alabama,45056,194,,,,,,,
DeeJay Dallas,RB,Miami,45056,217,4.58,33.5,,119,7.18,4.32,Seattle Seahawks / 4th / 144th pick / 2020
Devin Duvernay,WR,Texas,45056,200,4.39,35.5,,123,7.13,4.2,Baltimore Ravens / 3rd / 92nd pick / 2020
Darrynton Evans,RB,Appalachian State,45056,203,4.41,37,20,125,,,Tennessee Titans / 3rd / 93rd pick / 2020
Alohi Gilman,S,Notre Dame,45056,201,4.6,32,17,119,6.81,4.08,Los Angeles Chargers / 6th / 186th pick / 2020
Jeff Gladney,CB,TCU,45056,191,4.48,37.5,17,124,7.26,,Minnesota Vikings / 1st / 31st pick / 2020
Lavert Hill,CB,Michigan,45056,190,,,21,,,,
Sterling Hofrichter,P,Syracuse,45056,196,,,,,,,Atlanta Falcons / 7th / 228th pick / 2020
Darnay Holmes,CB,UCLA,45056,195,4.48,,12,,,,New York Giants / 4th / 110th pick / 2020
Noah Igbinoghene,CB,Auburn,45056,198,4.48,37,15,128,,,Miami Dolphins / 1st / 30th pick / 2020
Tony Jones,RB,Notre Dame,45056,220,4.68,32.5,13,119,7.18,4.21,
Darnell Mooney,WR,Tulane,45056,176,4.38,37,9,124,,,Chicago Bears / 5th / 173rd pick / 2020
John Reid,CB,Penn State,45056,187,4.49,36.5,20,129,6.95,3.97,Houston Texans / 4th / 141st pick / 2020
Geno Stone,S,Iowa,45056,207,4.62,33.5,12,116,,,Baltimore Ravens / 7th / 219th pick / 2020
Jonathan Taylor,RB,Wisconsin,45056,226,4.39,36,17,123,7.01,4.24,Indianapolis Colts / 2nd / 41st pick / 2020
Daniel Thomas,S,Auburn,45056,215,4.51,37,24,125,,,Jacksonville Jaguars / 5th / 157th pick / 2020
Ke'Shawn Vaughn,RB,Vanderbilt,45056,214,4.51,32,,117,,,Tampa Bay Buccaneers / 3rd / 76th pick / 2020
Kindle Vildor,CB,Georgia Southern,45056,191,4.44,39.5,22,133,7.14,4.28,Chicago Bears / 5th / 163rd pick / 2020
Salvon Ahmed,RB,Washington,45057,197,4.62,34.5,,120,,,
Lynn Bowden,WR,Kentucky,45057,204,,,13,,,,Las Vegas Raiders / 3rd / 80th pick / 2020
Terrell Burgess,S,Utah,45057,202,4.46,33.5,20,122,,,Los Angeles Rams / 3rd / 104th pick / 2020
Rico Dowdle,RB,South Carolina,45057,213,4.54,38,,127,,,
Aaron Fuller,WR,Washington,45057,188,4.59,34,,118,7.14,,
Harrison Hand,CB,Temple,45057,197,4.52,41,14,133,7.15,4.27,Minnesota Vikings / 5th / 169th pick / 2020
Brian Herrien,RB,Georgia,45057,209,4.62,38.5,18,126,7.12,4.4,
Khaleke Hudson,LB,Michigan,45057,224,4.56,33,30,120,,,Washington Football Team / 5th / 162nd pick / 2020
Henry Ruggs III,WR,Alabama,45057,188,4.27,42,,131,,,Las Vegas Raiders / 1st / 12th pick / 2020
Brandon Jones,S,Texas,45057,198,,,,,,,Miami Dolphins / 3rd / 70th pick / 2020
Antoine Brooks Jr.,S,Maryland,45057,220,4.64,34.5,18,,,,Pittsburgh Steelers / 6th / 198th pick / 2020
Joshua Kelley,RB,UCLA,45057,212,4.49,31,23,121,6.95,4.28,Los Angeles Chargers / 4th / 112th pick / 2020
Braden Mann,P,Texas A&M,45057,198,4.83,31,,111,7.03,4.13,New York Jets / 6th / 191st pick / 2020
Josh Metellus,S,Michigan,45057,209,4.55,36.5,20,124,6.94,4.4,Minnesota Vikings / 6th / 205th pick / 2020
Chris Miller,S,Baylor,45057,190,4.61,35.5,12,133,7.09,4.12,
JJ Molson,K,UCLA,45057,182,,,,,,,
K.J. Osborn,WR,Miami,45057,203,4.48,37.5,18,123,7,4.35,Minnesota Vikings / 5th / 176th pick / 2020
La'Mical Perine,RB,Florida,45057,216,4.62,35,22,118,7.13,4.31,New York Jets / 4th / 120th pick / 2020
Michael Pinckney,LB,Miami,45057,235,,,,,,,
Troy Pride,CB,Notre Dame,45057,193,4.4,35.5,13,119,6.94,4.26,Carolina Panthers / 4th / 113th pick / 2020
James Proche,WR,SMU,45057,201,,34.5,20,,7.27,4.4,Baltimore Ravens / 6th / 201st pick / 2020
Jalen Reagor,WR,TCU,45057,206,4.47,42,17,138,7.31,4.46,Philadelphia Eagles / 1st / 21st pick / 2020
K'Von Wallace,S,Clemson,45057,206,4.53,38,18,133,6.76,4.15,Philadelphia Eagles / 4th / 127th pick / 2020
Joe Bachie,LB,Michigan State,45078,230,4.67,33.5,26,119,6.93,4.34,
Omar Bayless,WR,Arkansas State,45078,212,4.62,36,11,123,7.35,4.5,
Rodrigo Blankenship,K,Georgia,45078,190,,,,,,,
Shaun Bradley,LB,Temple,45078,235,4.51,32.5,14,121,7.07,4.24,Philadelphia Eagles / 6th / 196th pick / 2020
Tony Brown,WR,Colorado,45078,198,4.65,33.5,14,119,7.21,4.27,
Marquez Callaway,WR,Tennessee,45078,205,4.55,38,,126,,,
Quintez Cephus,WR,Wisconsin,45078,202,4.73,38.5,23,124,7.2,4.33,Detroit Lions / 5th / 166th pick / 2020
Nevelle Clarke,CB,UCF,45078,190,,35,10,126,6.88,4.31,
Kamren Curl,S,Arkansas,45078,206,4.6,34.5,24,125,,,Washington Football Team / 7th / 216th pick / 2020
Ashtyn Davis,S,California,45078,202,,,14,,,,New York Jets / 3rd / 68th pick / 2020
Khalil Davis,DL,Nebraska,45078,308,4.75,,32,,,,Tampa Bay Buccaneers / 6th / 194th pick / 2020
Quartney Davis,WR,Texas A&M,45078,201,4.54,35.5,,,,,
Akeem Davis-Gaither,LB,Appalachian State,45078,224,,,21,,,,Cincinnati Bengals / 4th / 107th pick / 2020
Trevon Diggs,CB,Alabama,45078,205,,,,,,,Dallas Cowboys / 2nd / 51st pick / 2020
Kyle Dugger,S,Lenoir-Rhyne,45078,217,4.49,42,17,134,,,New England Patriots / 2nd / 37th pick / 2020
A.J. Green,CB,Oklahoma State,45078,202,4.62,,13,,,,
Bryce Hall,CB,Virginia,45078,202,,,11,,,,New York Jets / 5th / 158th pick / 2020
Nick Harris,OL,Washington,45078,302,5.1,29.5,20,103,,,Cleveland Browns / 5th / 160th pick / 2020
Jaylinn Hawkins,S,California,45078,208,,35.5,,117,,,Atlanta Falcons / 4th / 134th pick / 2020
C.J. Henderson,CB,Florida,45078,204,4.39,37.5,20,127,,,Jacksonville Jaguars / 1st / 9th pick / 2020
John Hightower,WR,Boise State,45078,189,4.43,38.5,,122,7.07,4.21,Philadelphia Eagles / 5th / 168th pick / 2020
Jalen Hurts,QB,Oklahoma,45078,222,4.59,35,,125,,,Philadelphia Eagles / 2nd / 53rd pick / 2020
Reggie Robinson II,CB,Tulsa,45078,205,4.44,36,22,132,7.09,4.18,Dallas Cowboys / 4th / 123rd pick / 2020
Trishton Jackson,WR,Syracuse,45078,197,4.5,36,,117,,,
Justin Jefferson,WR,LSU,45078,202,4.43,37.5,,126,,,Minnesota Vikings / 1st / 22nd pick / 2020
Van Jefferson,WR,Florida,45078,200,,,,,,,Los Angeles Rams / 2nd / 57th pick / 2020
Jerry Jeudy,WR,Alabama,45078,193,4.45,35,,120,,4.53,Denver Broncos / 1st / 15th pick / 2020
Tyler Johnson,WR,Minnesota,45078,206,,,,,,,Tampa Bay Buccaneers / 5th / 161st pick / 2020
Clay Johnston,LB,Baylor,45078,227,,,18,,,,Los Angeles Rams / 7th / 234th pick / 2020
Benito Jones,DL,Mississippi,45078,316,5.26,26.5,,,8.21,5.27,
Willie Gay Jr.,LB,Mississippi State,45078,243,4.46,39.5,21,136,7.08,4.3,Kansas City Chiefs / 2nd / 63rd pick / 2020
Laviska Shenault Jr.,WR,Colorado,45078,227,4.58,,17,,,,Jacksonville Jaguars / 2nd / 42nd pick / 2020
BoPete Keyes,CB,Tulane,45078,202,,36,,126,,,Kansas City Chiefs / 7th / 237th pick / 2020
Austin Mack,WR,Ohio State,45078,208,4.59,31.5,,117,,4.42,
Michael Ojemudia,CB,Iowa,45078,200,4.45,36,,122,6.87,4.21,Denver Broncos / 3rd / 77th pick / 2020
Jeff Okudah,CB,Ohio State,45078,205,4.48,41,11,135,,,Detroit Lions / 1st / 3rd pick / 2020
Shea Patterson,QB,Michigan,45078,212,4.71,31,,116,7.14,4.5,
Alex Pechin,P,Bucknell,45078,213,4.69,34,13,,,,
John Penisini,DL,Utah,45078,318,,25.5,23,,,4.93,Detroit Lions / 6th / 197th pick / 2020
J.R. Reed,S,Georgia,45078,202,4.54,34,15,130,,,
Stanford Samuels,CB,Florida State,45078,187,4.65,,,,,,
Patrick Taylor,RB,Memphis,45078,217,4.57,34,15,123,,4.34,
A.J. Terrell,CB,Clemson,45078,195,4.42,34.5,15,129,,,Atlanta Falcons / 1st / 16th pick / 2020
Tommy Townsend,P,Florida,45078,191,4.75,,,,,,
Josh Uche,LB,Michigan,45078,245,,,18,,,,New England Patriots / 2nd / 60th pick / 2020
Tremayne Anchrum,OL,Clemson,45079,314,5.21,24.5,26,104,,,Los Angeles Rams / 7th / 250th pick / 2020
Zack Baun,LB,Wisconsin,45079,238,4.65,32.5,24,115,7,4.31,New Orleans Saints / 3rd / 74th pick / 2020
Daniel Bituli,LB,Tennessee,45079,246,4.84,32,16,121,,,
Hunter Bryant,TE,Washington,45079,248,4.74,32.5,23,115,7.08,4.46,
Tyrie Cleveland,WR,Florida,45079,209,4.46,39.5,13,126,,,Denver Broncos / 7th / 252nd pick / 2020
Isaiah Coulter,WR,Rhode Island,45079,198,4.45,36,,121,7.28,4.62,Houston Texans / 5th / 171st pick / 2020
Cameron Dantzler,CB,Mississippi State,45079,188,4.64,34.5,,,,,Minnesota Vikings / 3rd / 89th pick / 2020
Carlos Davis,DL,Nebraska,45079,313,4.82,,27,,,4.52,Pittsburgh Steelers / 7th / 232nd pick / 2020
Gabriel Davis,WR,UCF,45079,216,4.54,35,14,124,7.08,4.59,Buffalo Bills / 4th / 128th pick / 2020
Josiah Deguara,TE,Cincinnati,45079,242,4.72,35.5,25,115,7.15,4.35,Green Bay Packers / 3rd / 94th pick / 2020
Grant Delpit,S,LSU,45079,213,,,,,,,Cleveland Browns / 2nd / 44th pick / 2020
Michael Divinity,LB,LSU,45079,242,4.85,31,14,115,,,
Jake Fromm,QB,Georgia,45079,219,5.01,30,,111,7.27,4.51,Buffalo Bills / 5th / 167th pick / 2020
Jordan Fuller,S,Ohio State,45079,203,4.67,35.5,,122,,4.27,Los Angeles Rams / 6th / 199th pick / 2020
Neville Gallimore,DL,Oklahoma,45079,304,4.79,,23,,7.97,5.01,Dallas Cowboys / 3rd / 82nd pick / 2020
Cale Garrett,LB,Missouri,45079,234,4.92,32,,124,6.91,4.13,
Anthony Gordon,QB,Washington State,45079,205,,,,,,,
LaDarius Hamilton,DL,North Texas,45079,262,4.89,30,27,114,7.66,4.49,
Brian Cole II,S,Mississippi State,45079,213,4.52,,,,,,Minnesota Vikings / 7th / 249th pick / 2020
Rashard Lawrence II,DL,LSU,45079,308,5.07,,22,,8.03,,Arizona Cardinals / 4th / 131st pick / 2020
Lamar Jackson,CB,Nebraska,45079,208,4.58,36.5,10,122,,,
Anfernee Jennings,LB,Alabama,45079,256,,,,,,,New England Patriots / 3rd / 87th pick / 2020
CeeDee Lamb,WR,Oklahoma,45079,198,4.5,34.5,11,124,,,Dallas Cowboys / 1st / 17th pick / 2020
Brian Lewerke,QB,Michigan State,45079,213,4.95,31,,113,7.14,4.4,
Damien Lewis,OL,LSU,45079,327,5.24,30,27,108,,,Seattle Seahawks / 3rd / 69th pick / 2020
Thaddeus Moss,TE,LSU,45079,250,,,,,,,
Larrell Murchison,DL,North Carolina State,45079,297,5.05,29,29,118,7.89,4.51,Tennessee Titans / 5th / 174th pick / 2020
Kenneth Murray,LB,Oklahoma,45079,241,4.52,38,21,129,,,Los Angeles Chargers / 1st / 23rd pick / 2020
Tanner Muse,S,Clemson,45079,227,4.41,34.5,20,124,,,Las Vegas Raiders / 3rd / 100th pick / 2020
Dante Olson,LB,Montana,45079,237,4.88,42,15,124,7,4.32,
Aaron Parker,WR,Rhode Island,45079,209,4.57,26.5,12,112,6.94,4.23,
Donovan Peoples-Jones,WR,Michigan,45079,212,4.48,44.5,,139,,,Cleveland Browns / 6th / 187th pick / 2020
Chauncey Rivers,DL,Mississippi State,45079,262,4.97,30.5,20,106,7.33,4.7,
Malcolm Roach,DL,Texas,45079,297,4.84,30,20,114,,,
Chapelle Russell,LB,Temple,45079,236,4.69,35,21,121,7.38,4.41,Tampa Bay Buccaneers / 7th / 241st pick / 2020
Arryn Siposs,P,Auburn,45079,213,5.09,,,,,,
Charlie Taumoepeau,TE,Portland State,45079,240,4.75,36.5,18,121,7,4.27,
Broderick Washington,DL,Texas Tech,45079,305,,,23,,,,Baltimore Ravens / 5th / 170th pick / 2020
Curtis Weaver,LB,Boise State,45079,265,,32.5,,116,7,4.27,Miami Dolphins / 5th / 164th pick / 2020
Evan Weaver,LB,California,45079,237,4.76,32,15,117,7.02,4.21,Arizona Cardinals / 6th / 202nd pick / 2020
Darryl Williams,OL,Mississippi State,45079,304,5.23,25.5,23,102,7.88,4.76,
Logan Wilson,LB,Wyoming,45079,241,4.63,32,21,121,7.07,4.27,Cincinnati Bengals / 3rd / 65th pick / 2020
David Woodward,LB,Utah State,45079,230,4.79,33.5,16,114,7.34,4.37,
McTelvin Agim,DL,Arkansas,45080,309,4.98,,27,,,,Denver Broncos / 3rd / 95th pick / 2020
Bradlee Anae,DL,Utah,45080,257,4.93,31,25,115,7.44,4.43,Dallas Cowboys / 5th / 179th pick / 2020
Devin Asiasi,TE,UCLA,45080,257,4.73,30.5,16,115,,,New England Patriots / 3rd / 91st pick / 2020
Ross Blacklock,DL,TCU,45080,290,4.9,29,,107,7.77,4.67,Houston Texans / 2nd / 40th pick / 2020
Kelly Bryant,QB,Missouri,45080,229,4.69,35,,125,7.33,4.51,
Joe Burrow,QB,LSU,45080,221,,,,,,,Cincinnati Bengals / 1st / 1st pick / 2020
K'Lavon Chaisson,LB,LSU,45080,254,,,,,,,Jacksonville Jaguars / 1st / 20th pick / 2020
Jeremy Chinn,S,Southern Illinois,45080,221,4.45,41,20,138,,,Carolina Panthers / 2nd / 64th pick / 2020
Josiah Coatney,DL,Mississippi,45080,308,5.21,27,22,99,8.07,4.82,
Kendall Coleman,DL,Syracuse,45080,257,4.95,32,,114,7.5,4.62,
Trystan Colon-Castillo,OL,Missouri,45080,313,,,11,,,,
Carter Coughlin,LB,Minnesota,45080,236,4.57,36,,126,,,New York Giants / 7th / 218th pick / 2020
Lloyd Cushenberry,OL,LSU,45080,312,5.27,,25,,,,Denver Broncos / 3rd / 83rd pick / 2020
Darrion Daniels,DL,Nebraska,45080,311,5.18,27,21,109,7.75,4.93,
Marlon Davidson,DL,Auburn,45080,303,5.04,,21,,,,Atlanta Falcons / 2nd / 47th pick / 2020
Troy Dye,LB,Oregon,45080,231,,,,,,,Minnesota Vikings / 4th / 132nd pick / 2020
Bryan Edwards,WR,South Carolina,45080,212,,,,,,,Las Vegas Raiders / 3rd / 81st pick / 2020
Blake Ferguson,LS,LSU,45080,229,5.07,31,,112,7.43,4.52,Miami Dolphins / 6th / 185th pick / 2020
Trevis Gipson,DL,Tulsa,45080,261,,,25,,,,Chicago Bears / 5th / 155th pick / 2020
Jonathan Greenard,DL,Florida,45080,263,4.87,30.5,22,113,7.13,4.34,Houston Texans / 3rd / 90th pick / 2020
Stephen Guidry,WR,Mississippi State,45080,201,4.47,34,,125,7.31,4.46,
Malik Harrison,LB,Ohio State,45080,247,4.66,36,,122,6.83,4.32,Baltimore Ravens / 3rd / 98th pick / 2020
Alex Highsmith,DL,Charlotte,45080,248,4.7,33,,125,7.32,4.31,Pittsburgh Steelers / 3rd / 102nd pick / 2020
Trevon Hill,DL,Miami,45080,248,4.89,28,,113,,,
Keith Ismael,OL,San Diego State,45080,309,5.34,32,,108,8.14,4.65,Washington Football Team / 5th / 156th pick / 2020
Cordel Iwuagwu,OL,TCU,45080,309,5.22,27,25,94,8.03,4.87,
Jonah Jackson,OL,Ohio State,45080,306,5.23,26,28,98,7.83,5.02,Detroit Lions / 3rd / 75th pick / 2020
Jauan Jennings,WR,Tennessee,45080,215,4.72,29,,119,,,San Francisco 49ers / 7th / 217th pick / 2020
Azur Kamara,LB,Kansas,45080,245,4.59,28,13,121,7.2,4.46,
Solomon Kindley,OL,Georgia,45080,337,,,,,,,Miami Dolphins / 4th / 111th pick / 2020
Jordan Mack,LB,Virginia,45080,241,,,,,,,
Justin Madubuike,DL,Texas A&M,45080,293,4.83,,31,,7.37,,Baltimore Ravens / 3rd / 71st pick / 2020
Kamal Martin,LB,Minnesota,45080,240,,,,,,,Green Bay Packers / 5th / 175th pick / 2020
Cole McDonald,QB,Hawaii,45080,215,4.58,36,,121,7.13,4.52,Tennessee Titans / 7th / 224th pick / 2020
Denzel Mims,WR,Baylor,45080,207,4.38,38.5,16,131,6.66,4.43,New York Jets / 2nd / 59th pick / 2020
Kyle Murphy,OL,Rhode Island,45080,316,5.3,28,19,104,7.81,4.68,
Netane Muti,OL,Fresno State,45080,315,,,44,,,,Denver Broncos / 6th / 181st pick / 2020
Sewo Olonilua,RB,TCU,45080,232,4.66,36,25,123,,4.28,
Mike Onwenu,OL,Michigan,45080,344,,,26,,,,New England Patriots / 6th / 182nd pick / 2020
Jacob Phillips,LB,LSU,45080,229,4.66,39,,126,7.38,4.33,Cleveland Browns / 3rd / 97th pick / 2020
Alton Robinson,DL,Syracuse,45080,264,4.69,35.5,25,119,7.32,4.32,Seattle Seahawks / 5th / 148th pick / 2020
Cesar Ruiz,OL,Michigan,45080,307,5.08,33,28,113,7.91,4.64,New Orleans Saints / 1st / 24th pick / 2020
Qaadir Sheppard,DL,Mississippi,45080,261,4.83,31.5,28,115,,,
Justin Strnad,LB,Wake Forest,45080,238,4.74,29,,113,,4.49,Denver Broncos / 5th / 178th pick / 2020
Mykal Walker,LB,Fresno State,45080,230,4.65,33,20,122,7.09,4.25,Atlanta Falcons / 4th / 119th pick / 2020
Cody White,WR,Michigan State,45080,217,4.66,35.5,,120,7.19,4.52,
Mitchell Wilcox,TE,South Florida,45080,247,4.88,31,,112,7.37,4.43,
Kenny Willekes,DL,Michigan State,45080,264,4.87,32.5,32,119,7.39,,Minnesota Vikings / 7th / 225th pick / 2020
Jabari Zuniga,DL,Florida,45080,264,4.64,33,29,127,,,New York Jets / 3rd / 79th pick / 2020
Hakeem Adeniji,OL,Kansas,45081,302,5.17,34,26,115,,,Cincinnati Bengals / 6th / 180th pick / 2020
Tyler Biadasz,OL,Wisconsin,45081,314,,,,,,,Dallas Cowboys / 4th / 146th pick / 2020
Saahdiq Charles,OL,LSU,45081,321,5.05,,,,,,Washington Football Team / 4th / 108th pick / 2020
Joseph Charlton,P,South Carolina,45081,195,,,,,,,
Cameron Clark,OL,Charlotte,45081,308,5.29,25,26,101,,,New York Jets / 4th / 129th pick / 2020
Chase Claypool,WR,Notre Dame,45081,238,4.42,40.5,19,126,,,Pittsburgh Steelers / 2nd / 49th pick / 2020
Kevin Davidson,QB,Princeton,45081,224,5,28,,109,7.13,4.37,
Jordan Elliott,DL,Missouri,45081,302,5.02,27.5,24,,,4.73,Cleveland Browns / 3rd / 88th pick / 2020
Antonio Gandy-Golden,WR,Liberty,45081,223,4.6,36,22,127,7.33,4.55,Washington Football Team / 4th / 142nd pick / 2020
Jonathan Garvin,DL,Miami,45081,263,4.82,36,23,125,,,Green Bay Packers / 7th / 242nd pick / 2020
DaVon Hamilton,DL,Ohio State,45081,320,5.14,29.5,33,102,7.72,,Jacksonville Jaguars / 3rd / 73rd pick / 2020
Jake Hanson,OL,Oregon,45081,303,5.5,,33,,,,Green Bay Packers / 6th / 208th pick / 2020
Matt Hennessy,OL,Temple,45081,307,5.18,30,23,110,7.45,4.6,Atlanta Falcons / 3rd / 78th pick / 2020
Justin Herron,OL,Wake Forest,45081,308,5.26,33,27,105,8.41,4.88,New England Patriots / 6th / 195th pick / 2020
Tee Higgins,WR,Clemson,45081,216,,,,,,,Cincinnati Bengals / 2nd / 33rd pick / 2020
Isaiah Hodgins,WR,Oregon State,45081,210,4.61,36.5,9,124,7.01,4.12,Buffalo Bills / 6th / 207th pick / 2020
Brycen Hopkins,TE,Purdue,45081,245,4.66,33.5,21,116,7.25,4.28,Los Angeles Rams / 4th / 136th pick / 2020
Juwan Johnson,WR,Oregon,45081,230,4.58,33,14,124,6.94,4.37,
Khalid Kareem,DL,Notre Dame,45081,268,,,,,,,Cincinnati Bengals / 5th / 147th pick / 2020
Dalton Keene,TE,Virginia Tech,45081,253,4.71,34,21,125,7.07,4.19,New England Patriots / 3rd / 101st pick / 2020
Shane Lemieux,OL,Oregon,45081,310,5.11,25.5,,107,8.13,4.9,New York Giants / 5th / 150th pick / 2020
Jordan Love,QB,Utah State,45081,224,4.74,35.5,,118,7.21,4.52,Green Bay Packers / 1st / 26th pick / 2020
James Lynch,DL,Baylor,45081,289,5.01,29,23,111,7.39,4.39,Minnesota Vikings / 4th / 130th pick / 2020
Steven Montez,QB,Colorado,45081,231,4.68,33,,117,7.25,4.43,
James Morgan,QB,Florida International,45081,229,4.89,29,,112,7.51,4.64,New York Jets / 4th / 125th pick / 2020
C.J. O'Grady,TE,Arkansas,45081,253,4.81,34,16,119,7.3,4.34,
Julian Okwara,DL,Notre Dame,45081,252,,,27,,,,Detroit Lions / 3rd / 67th pick / 2020
Dezmon Patmon,WR,Washington State,45081,225,4.48,36,15,132,7.28,4.38,Indianapolis Colts / 6th / 212th pick / 2020
Jared Pinkney,TE,Vanderbilt,45081,257,4.96,,23,,,,
Danny Pinter,OL,Ball State,45081,306,4.91,29.5,24,110,7.76,4.62,Indianapolis Colts / 5th / 149th pick / 2020
Michael Pittman,WR,USC,45081,223,4.52,36.5,13,121,6.96,4.14,Indianapolis Colts / 2nd / 34th pick / 2020
Kendrick Rogers,WR,Texas A&M,45081,208,4.51,35.5,17,124,7.13,4.48,
Jon Runyan,OL,Michigan,45081,306,5.08,30.5,24,107,7.57,4.69,Green Bay Packers / 6th / 192nd pick / 2020
Isaiah Simmons,LB,Clemson,45081,238,4.39,39,,132,,,Arizona Cardinals / 1st / 8th pick / 2020
John Simpson,OL,Clemson,45081,321,5.24,30,34,107,8.03,4.87,Las Vegas Raiders / 4th / 109th pick / 2020
James Smith-Williams,DL,North Carolina State,45081,265,4.6,32,28,123,7.35,4.52,Washington Football Team / 7th / 229th pick / 2020
Nate Stanley,QB,Iowa,45081,235,4.81,28.5,,108,7.26,4.48,Minnesota Vikings / 7th / 244th pick / 2020
Simon Stepaniak,OL,Indiana,45081,313,,,37,,,,Green Bay Packers / 6th / 209th pick / 2020
Jason Strowbridge,DL,North Carolina,45081,275,4.89,31,26,113,7.45,4.37,Miami Dolphins / 5th / 154th pick / 2020
Darrell Taylor,LB,Tennessee,45081,267,,,,,,,Seattle Seahawks / 2nd / 48th pick / 2020
Casey Toohill,LB,Stanford,45081,250,4.62,39,17,126,7.08,4.21,Philadelphia Eagles / 7th / 233rd pick / 2020
Derrek Tuszka,DL,North Dakota State,45081,251,4.79,33.5,24,120,6.87,4.34,Denver Broncos / 7th / 254th pick / 2020
Ben Victor,WR,Ohio State,45081,198,4.6,35,9,128,7.1,,
Raequan Williams,DL,Michigan State,45081,308,5.04,25.5,17,101,7.72,4.78,
Jedrick Wills,OL,Alabama,45081,312,5.05,34.5,,113,,4.84,Cleveland Browns / 1st / 10th pick / 2020
Rob Windsor,DL,Penn State,45081,290,4.9,28.5,21,111,7.47,4.44,Indianapolis Colts / 6th / 193rd pick / 2020
Steven Wirtel,LS,Iowa State,45081,235,4.76,26,,120,7.12,4.28,
Dom Wood-Anderson,TE,Tennessee,45081,261,4.92,35,,119,,,
Ben Bredeson,OL,Michigan,45082,315,,,,,,,Baltimore Ravens / 4th / 143rd pick / 2020
Jacob Breeland,TE,Oregon,45082,252,,,,,,,
Cameron Brown,LB,Penn State,45082,233,4.72,35.5,16,123,,,New York Giants / 6th / 183rd pick / 2020
Derrick Brown,DL,Auburn,45082,326,5.16,27,28,108,8.22,4.79,Carolina Panthers / 1st / 7th pick / 2020
Harrison Bryant,TE,Florida Atlantic,45082,243,4.73,32.5,13,110,7.41,4.37,Cleveland Browns / 4th / 115th pick / 2020
Cohl Cabral,OL,Arizona State,45082,300,,,20,,,,
Lawrence Cager,WR,Georgia,45082,220,,,,,,,
Nick Coe,LB,Auburn,45082,280,4.89,29,21,116,,,
Jack Driscoll,OL,Auburn,45082,306,5.02,29.5,23,114,,,Philadelphia Eagles / 4th / 145th pick / 2020
A.J. Epenesa,DL,Iowa,45082,275,5.04,32.5,17,117,7.34,4.46,Buffalo Bills / 2nd / 54th pick / 2020
Leki Fotu,DL,Utah,45082,330,5.15,,21,,,,Arizona Cardinals / 4th / 114th pick / 2020
Tipa Galeai,LB,Utah State,45082,235,,,,,,,
Yetur Gross-Matos,DL,Penn State,45082,266,,34,20,120,,,Carolina Panthers / 2nd / 38th pick / 2020
Robert Hunt,OL,Louisiana-Lafayette,45082,323,,,,,,,Miami Dolphins / 2nd / 39th pick / 2020
Austin Jackson,OL,USC,45082,322,5.07,31,27,115,7.95,,Miami Dolphins / 1st / 18th pick / 2020
Joshua Jones,OL,Houston,45082,319,5.27,28.5,24,109,,,Arizona Cardinals / 3rd / 72nd pick / 2020
Javon Kinlaw,DL,South Carolina,45082,324,,,,,,,San Francisco 49ers / 1st / 14th pick / 2020
Terrell Lewis,LB,Alabama,45082,262,,37,,124,,,Los Angeles Rams / 3rd / 84th pick / 2020
Sean McKeon,TE,Michigan,45082,242,,,18,,,,
John Molchon,OL,Boise State,45082,309,5.13,34,26,109,7.85,4.73,
Albert Okwuegbunam,TE,Missouri,45082,258,4.49,,,,,,Denver Broncos / 4th / 118th pick / 2020
Tyre Phillips,OL,Mississippi State,45082,331,5.37,25,22,93,8.17,5.11,Baltimore Ravens / 3rd / 106th pick / 2020
Stephen Sullivan,TE,LSU,45082,248,4.66,36.5,,123,7.51,4.62,Seattle Seahawks / 7th / 251st pick / 2020
Andrew Thomas,OL,Georgia,45082,315,5.22,30.5,21,109,7.58,4.66,New York Giants / 1st / 4th pick / 2020
Calvin Throckmorton,OL,Oregon,45082,317,5.57,27,23,97,8.07,4.98,
Adam Trautman,TE,Dayton,45082,255,4.8,34.5,18,114,6.78,4.27,New Orleans Saints / 3rd / 105th pick / 2020
Prince Tega Wanogho,OL,Auburn,45082,308,,,,,,,Philadelphia Eagles / 6th / 210th pick / 2020
Tristan Wirfs,OL,Iowa,45082,320,4.85,36.5,24,121,7.65,4.68,Tampa Bay Buccaneers / 1st / 13th pick / 2020
Charlie Woerner,TE,Georgia,45082,244,4.78,34.5,21,120,7.18,4.46,San Francisco 49ers / 6th / 190th pick / 2020
D.J. Wonnum,DL,South Carolina,45082,258,4.73,34.5,20,123,7.25,4.44,Minnesota Vikings / 4th / 117th pick / 2020
Chase Young,DL,Ohio State,45082,264,,,,,,,Washington Football Team / 1st / 2nd pick / 2020
Ben Bartch,OL,Saint John's (MN),45083,309,,,,,,,Jacksonville Jaguars / 4th / 116th pick / 2020
Ezra Cleveland,OL,Boise State,45083,311,4.93,30,30,111,7.26,4.46,Minnesota Vikings / 2nd / 58th pick / 2020
Raekwon Davis,DL,Alabama,45083,311,5.12,28,24,111,7.95,4.86,Miami Dolphins / 2nd / 56th pick / 2020
Yasir Durant,OL,Missouri,45083,331,5.52,25,21,,,,
Jacob Eason,QB,Washington,45083,231,4.89,27.5,,110,7.5,4.75,Indianapolis Colts / 4th / 122nd pick / 2020
Justin Herbert,QB,Oregon,45083,236,4.68,35.5,,123,7.06,4.46,Los Angeles Chargers / 1st / 6th pick / 2020
Collin Johnson,WR,Texas,45083,222,,,17,,,,Jacksonville Jaguars / 5th / 165th pick / 2020
Cole Kmet,TE,Notre Dame,45083,262,4.7,37,,123,7.44,4.41,Chicago Bears / 2nd / 43rd pick / 2020
Jake Luton,QB,Oregon State,45083,224,,,,,,,Jacksonville Jaguars / 6th / 189th pick / 2020
Colton McKivitz,OL,West Virginia,45083,306,5.35,26,20,106,7.87,5,San Francisco 49ers / 5th / 153rd pick / 2020
Lucas Niang,OL,TCU,45083,315,,,,,,,Kansas City Chiefs / 3rd / 96th pick / 2020
Terence Steele,OL,Texas Tech,45083,312,5.03,27.5,27,106,,5.08,
Logan Stenberg,OL,Kentucky,45083,317,5.3,26,,104,8,4.83,Detroit Lions / 4th / 121st pick / 2020
Isaiah Wilson,OL,Georgia,45083,350,5.32,29,26,110,8.26,5.07,Tennessee Titans / 1st / 29th pick / 2020
Mekhi Becton,OL,Louisville,45084,364,5.1,,23,,,,New York Jets / 1st / 11th pick / 2020
Colby Parkinson,TE,Stanford,45084,252,4.77,32.5,18,109,7.15,4.46,Seattle Seahawks / 4th / 133rd pick / 2020
Matt Peart,OL,Connecticut,45084,318,5.06,30,26,113,8.01,4.92,New York Giants / 3rd / 99th pick / 2020
Trey Adams,OL,Washington,45085,318,5.6,24.5,,92,,,
Charlie Heck,OL,North Carolina,45085,311,5.16,28,21,112,8.02,4.86,Houston Texans / 4th / 126th pick / 2020
Alex Taylor,OL,South Carolina State,45085,308,5.09,25,21,116,7.77,4.79,
