Name,Pos,Height,Weight,40 time,Vert,Bench,Broad,Shuttle,3cone,2021 snaps,2021 grade,2020 snaps,2020 grade,2019 snaps,2019 grade,2018 snaps,2018 grade,2017 snaps,2017 grade,2016 snaps,2016 grade,Pick,College
Jalen Robinette,WR,75,220,4.62,31.5,13,120,6.77,4.46,0,0,0,0,0,0,0,0,0,0,0,0,300,Air Force
D.J. Jones,DT,73,319,5.04,28.5,25,108,7.73,4.65,0,0,0,0,0,0,0,0,0,0,0,0,San Francisco 49ers / 6th / 198th pick / 2017,Akron
Jerome Lane,WR,74,226,4.6,35,16,125,6.87,4.12,0,0,0,0,0,0,0,0,0,0,0,0,300,Akron
Reuben Foster,ILB,72,229,,,,,,,0,0,0,0,0,0,0,0,0,0,0,0,San Francisco 49ers / 1st / 31st pick / 2017,Alabama
Marlon Humphrey,CB,72,197,4.41,,10,125,6.75,,0,0,0,0,0,0,0,0,0,0,0,0,Baltimore Ravens / 1st / 16th pick / 2017,Alabama
Eddie Jackson,S,72,201,,,10,,,,0,0,0,0,0,0,0,0,0,0,0,0,Chicago Bears / 4th / 112th pick / 2017,Alabama
ArDarius Stewart,WR,71,204,4.49,34,,124,,,0,0,0,0,0,0,0,0,0,0,0,0,New York Jets / 3rd / 79th pick / 2017,Alabama
Ryan Anderson,OLB,74,253,4.78,,,,,,0,0,0,0,0,0,0,0,0,0,0,0,Washington Redskins / 2nd / 49th pick / 2017,Alabama
Jonathan Allen,DT,75,286,5,30,21,108,7.49,4.5,0,0,0,0,0,0,0,0,0,0,0,0,Washington Redskins / 1st / 17th pick / 2017,Alabama
Dalvin Tomlinson,DT,75,310,5.19,27,,110,7.68,4.59,0,0,0,0,0,0,0,0,0,0,0,0,New York Giants / 2nd / 55th pick / 2017,Alabama
Tim Williams,OLB,75,244,4.68,33.5,,124,7.36,4.57,0,0,0,0,0,0,0,0,0,0,0,0,Baltimore Ravens / 3rd / 78th pick / 2017,Alabama
O.J. Howard,TE,78,251,4.51,30,22,121,6.85,4.16,0,0,0,0,0,0,0,0,0,0,0,0,Tampa Bay Buccaneers / 1st / 19th pick / 2017,Alabama
Cam Robinson,OT,78,322,5.15,26,,106,7.81,4.82,0,0,0,0,0,0,0,0,0,0,0,0,Jacksonville Jaguars / 2nd / 34th pick / 2017,Alabama
Anthony Averett,CB,72,185,4.36,31.5,13,119,6.93,4.4,0,0,0,0,0,0,0,0,0,0,0,0,Baltimore Ravens / 4th / 118th pick / 2018,Alabama
Tony Brown,CB,72,198,4.35,31.5,14,126,6.78,4.11,0,0,0,0,0,0,0,0,0,0,0,0,300,Alabama
Shaun dion Hamilton,ILB,72,228,,,20,,,,0,0,0,0,0,0,0,0,0,0,0,0,Washington Redskins / 6th / 197th pick / 2018,Alabama
Calvin Ridley,WR,72,189,4.43,31,15,110,6.88,4.41,0,0,0,0,0,0,0,0,0,0,0,0,Atlanta Falcons / 1st / 26th pick / 2018,Alabama
Levi Wallace,CB,72,183,4.63,33,,,,,0,0,0,0,0,0,0,0,0,0,0,0,300,Alabama
Minkah Fitzpatrick,DB,73,201,4.46,33,14,121,,,0,0,0,0,0,0,0,0,0,0,0,0,Miami Dolphins / 1st / 11th pick / 2018,Alabama
Bo Scarbrough,RB,73,228,4.52,40,14,129,,4.34,0,0,0,0,0,0,0,0,0,0,0,0,Dallas Cowboys / 7th / 236th pick / 2018,Alabama
Robert Foster,WR,74,196,4.41,31,,116,6.9,4.2,0,0,0,0,0,0,0,0,0,0,0,0,300,Alabama
Daron Payne,DT,74,311,4.95,28.5,27,107,7.58,4.71,0,0,0,0,0,0,0,0,0,0,0,0,Washington Redskins / 1st / 13th pick / 2018,Alabama
Rashaan Evans,LB,75,232,,30,,116,6.95,4.36,0,0,0,0,0,0,0,0,0,0,0,0,Tennessee Titans / 1st / 22nd pick / 2018,Alabama
Ronnie Harrison,S,75,214,,34,,120,,,0,0,0,0,0,0,0,0,0,0,0,0,Jacksonville Jaguars / 3rd / 93rd pick / 2018,Alabama
Joshua Frazier,DT,76,321,,,21,,,,0,0,0,0,0,0,0,0,0,0,0,0,Pittsburgh Steelers / 7th / 246th pick / 2018,Alabama
Dashawn Hand,DE,76,297,4.83,31.5,28,111,7.98,4.62,0,0,0,0,0,0,0,0,0,0,0,0,300,Alabama
Jk Scott,P,78,208,4.83,30.5,,114,7.28,4.41,0,0,0,0,0,0,0,0,0,0,0,0,Green Bay Packers / 5th / 172nd pick / 2018,Alabama
Colby Gossett,OG,77,311,5.2,25,32,103,7.6,4.83,0,0,0,0,0,0,0,0,0,0,0,0,Minnesota Vikings / 6th / 213th pick / 2018,Appalachian State
Dane Cruikshank,S,73,206,4.41,38.5,25,121,6.89,4.24,0,0,0,0,0,0,0,0,0,0,0,0,Tennessee Titans / 5th / 152nd pick / 2018,Arizona
Zane Gonzalez,K,72,202,,,,,,,0,0,0,0,0,0,0,0,0,0,0,0,Cleveland Browns / 7th / 224th pick / 2017,Arizona State
Demario Richard,RB,69,218,4.7,29.5,12,115,,,0,0,0,0,0,0,0,0,0,0,0,0,300,Arizona State
Kalen Ballage,RB,73,228,4.46,33.5,15,122,6.91,4.35,0,0,0,0,0,0,0,0,0,0,0,0,Miami Dolphins / 4th / 131st pick / 2018,Arizona State
Christian Sam,ILB,74,244,4.75,32,28,114,7.03,4.25,0,0,0,0,0,0,0,0,0,0,0,0,New England Patriots / 6th / 178th pick / 2018,Arizona State
Jojo Wicker,DE,75,296,5.16,30,25,105,,,0,0,0,0,0,0,0,0,0,0,0,0,300,Arizona State
Sam Jones,OG,77,305,5.32,27,28,101,7.92,4.86,0,0,0,0,0,0,0,0,0,0,0,0,Denver Broncos / 6th / 183rd pick / 2018,Arizona State
Drew Morgan,WR,72,190,4.74,30,10,112,6.85,4.12,0,0,0,0,0,0,0,0,0,0,0,0,300,Arkansas
Keon Hatcher,WR,73,212,4.64,,16,,,,0,0,0,0,0,0,0,0,0,0,0,0,300,Arkansas
Brooks Ellis,ILB,74,240,4.79,29.5,18,115,6.8,4.25,0,0,0,0,0,0,0,0,0,0,0,0,300,Arkansas
Toby Baker,P,75,210,,,,,,,0,0,0,0,0,0,0,0,0,0,0,0,300,Arkansas
Jeremiah Ledbetter,DT,75,280,4.84,32.5,29,113,7.55,4.56,0,0,0,0,0,0,0,0,0,0,0,0,Detroit Lions / 6th / 205th pick / 2017,Arkansas
Deatrich Wise Jr.,DE,77,274,4.92,33,22,124,,,0,0,0,0,0,0,0,0,0,0,0,0,New England Patriots / 4th / 131st pick / 2017,Arkansas
Jeremy Sprinkle,TE,77,252,4.69,29,,116,,,0,0,0,0,0,0,0,0,0,0,0,0,Washington Redskins / 5th / 154th pick / 2017,Arkansas
Dan Skipper,OT,82,309,5.42,26,,97,7.61,5.01,0,0,0,0,0,0,0,0,0,0,0,0,300,Arkansas
Austin Allen,QB,72,210,4.81,29.5,,112,7.18,4.48,0,0,0,0,0,0,0,0,0,0,0,0,300,Arkansas
Henre Toliver,CB,73,185,4.63,32.5,6,117,7.01,4.15,0,0,0,0,0,0,0,0,0,0,0,0,300,Arkansas
Frank Ragnow,C,77,312,,,26,,,,0,0,0,0,0,0,0,0,0,0,0,0,Detroit Lions / 1st / 20th pick / 2018,Arkansas
Javon Rolland-Jones,EDGE,74,253,4.88,,23,,,,0,0,0,0,0,0,0,0,0,0,0,0,300,Arkansas State
Brett Toth,OT,78,291,,,,,,,0,0,0,0,0,0,0,0,0,0,0,0,300,Army
Adam Shaheen,TE,78,278,4.79,32.5,24,121,7.09,4.38,0,0,0,0,0,0,0,0,0,0,0,0,Chicago Bears / 2nd / 45th pick / 2017,Ashland
Johnathan Ford,S,71,205,,,20,,,,0,0,0,0,0,0,0,0,0,0,0,0,Arizona Cardinals / 6th / 208th pick / 2017,Auburn
Carl Lawson,DE,74,261,4.67,33,35,114,7.46,4.19,0,0,0,0,0,0,0,0,0,0,0,0,Cincinnati Bengals / 4th / 116th pick / 2017,Auburn
Montravius Adams,DT,76,304,4.87,29,22,108,7.62,4.89,0,0,0,0,0,0,0,0,0,0,0,0,Green Bay Packers / 3rd / 93rd pick / 2017,Auburn
Kamryn Pettway,RB,72,233,4.74,33.5,22,116,,,0,0,0,0,0,0,0,0,0,0,0,0,300,Auburn
Kerryon Johnson,RB,71,213,,40,11,126,7.07,4.29,0,0,0,0,0,0,0,0,0,0,0,0,Detroit Lions / 2nd / 43rd pick / 2018,Auburn
Stephen Roberts,S,71,189,4.53,34,,121,,,0,0,0,0,0,0,0,0,0,0,0,0,300,Auburn
Carlton Davis,CB,73,203,4.53,34,16,124,,,0,0,0,0,0,0,0,0,0,0,0,0,Tampa Bay Buccaneers / 2nd / 63rd pick / 2018,Auburn
Jeff Holland,EDGE,74,249,4.79,,,116,,,0,0,0,0,0,0,0,0,0,0,0,0,300,Auburn
Daniel Carlson,K,77,213,,,,,,,0,0,0,0,0,0,0,0,0,0,0,0,Minnesota Vikings / 5th / 167th pick / 2018,Auburn
Braden Smith,OG,78,315,5.22,33.5,35,113,,4.77,0,0,0,0,0,0,0,0,0,0,0,0,Indianapolis Colts / 2nd / 37th pick / 2018,Auburn
Anthony Winbush,EDGE,73,249,,,25,110,,,0,0,0,0,0,0,0,0,0,0,0,0,300,Ball State
K.D. Cannon,WR,71,182,4.41,37,13,119,,,0,0,0,0,0,0,0,0,0,0,0,0,300,Baylor
Seth Russell,QB,75,213,,,,,,,0,0,0,0,0,0,0,0,0,0,0,0,300,Baylor
Kyle Fuller,C,77,307,5.24,26,23,96,7.71,4.84,0,0,0,0,0,0,0,0,0,0,0,0,Houston Texans / 7th / 243rd pick / 2017,Baylor
Jeremy McNichols,RB,69,214,4.49,35.5,,121,6.93,4.28,0,0,0,0,0,0,0,0,0,0,0,0,Tampa Bay Buccaneers / 5th / 162nd pick / 2017,Boise State
Tanner Vallejo,ILB,73,228,4.67,33.5,,121,,4.39,0,0,0,0,0,0,0,0,0,0,0,0,Buffalo Bills / 6th / 195th pick / 2017,Boise State
Cedrick Wilson,WR,74,197,4.55,37,9,121,6.89,4.23,0,0,0,0,0,0,0,0,0,0,0,0,Dallas Cowboys / 6th / 208th pick / 2018,Boise State
Leighton Vander esch,ILB,76,256,4.65,39.5,20,124,6.88,4.15,0,0,0,0,0,0,0,0,0,0,0,0,Dallas Cowboys / 1st / 19th pick / 2018,Boise State
Matt Milano,OLB,72,223,4.67,35,24,126,,,0,0,0,0,0,0,0,0,0,0,0,0,Buffalo Bills / 5th / 163rd pick / 2017,Boston Col.
Kamrin Moore,CB,71,200,,,,,,,0,0,0,0,0,0,0,0,0,0,0,0,New Orleans Saints / 6th / 189th pick / 2018,Boston Col.
Isaac Yiadom,CB,73,190,4.52,,8,120,,4.18,0,0,0,0,0,0,0,0,0,0,0,0,Denver Broncos / 3rd / 99th pick / 2018,Boston Col.
Harold Landry,EDGE,75,252,4.64,36,24,119,6.88,4.19,0,0,0,0,0,0,0,0,0,0,0,0,Tennessee Titans / 2nd / 41st pick / 2018,Boston Col.
Joseph Davidson,P,79,232,,,,,,,0,0,0,0,0,0,0,0,0,0,0,0,300,Bowling Green
Julien Davenport,OT,79,318,5.45,27,18,106,7.57,4.69,0,0,0,0,0,0,0,0,0,0,0,0,300,Bucknell
Jamaal Williams,RB,72,212,4.59,30,,123,7.25,4.53,0,0,0,0,0,0,0,0,0,0,0,0,Green Bay Packers / 4th / 134th pick / 2017,BYU
Harvey Langi,ILB,74,251,,33,23,118,7,4.32,0,0,0,0,0,0,0,0,0,0,0,0,300,BYU
Fred Warner,OLB,75,236,4.64,38.5,21,119,6.9,4.28,0,0,0,0,0,0,0,0,0,0,0,0,San Francisco 49ers / 3rd / 70th pick / 2018,BYU
Chad Hansen,WR,74,202,4.53,35,11,119,6.74,4.13,0,0,0,0,0,0,0,0,0,0,0,0,New York Jets / 4th / 141st pick / 2017,California
Bradley Northnagel,LS,74,243,5.3,25.5,,99,,,0,0,0,0,0,0,0,0,0,0,0,0,300,California
Davis Webb,QB,77,229,4.79,33,,118,6.92,4.21,0,0,0,0,0,0,0,0,0,0,0,0,New York Giants / 3rd / 87th pick / 2017,California
James Looney,DE,75,287,4.89,35.5,28,113,7.32,4.37,0,0,0,0,0,0,0,0,0,0,0,0,Green Bay Packers / 7th / 232nd pick / 2018,California
Shaquill Griffin,CB,72,194,4.38,38.5,17,132,6.87,4.14,0,0,0,0,0,0,0,0,0,0,0,0,Seattle Seahawks / 3rd / 90th pick / 2017,Central Florida
Mike Hughes,CB,71,191,4.53,35.5,20,127,6.7,4.13,0,0,0,0,0,0,0,0,0,0,0,0,Minnesota Vikings / 1st / 30th pick / 2018,Central Florida
Shaquem Griffin,OLB,73,227,4.38,,20,117,,,0,0,0,0,0,0,0,0,0,0,0,0,Seattle Seahawks / 5th / 141st pick / 2018,Central Florida
Trequan Smith,WR,74,203,4.49,37.5,12,130,6.97,4.5,0,0,0,0,0,0,0,0,0,0,0,0,300,Central Florida
Jordan Akins,TE,75,249,,,,,,,0,0,0,0,0,0,0,0,0,0,0,0,Houston Texans / 3rd / 98th pick / 2018,Central Florida
Cooper Rush,QB,75,228,4.93,27,,105,7.23,4.47,0,0,0,0,0,0,0,0,0,0,0,0,300,Central Michigan
Tyler Conklin,TE,75,254,4.8,38,18,120,7.13,4.23,0,0,0,0,0,0,0,0,0,0,0,0,Minnesota Vikings / 5th / 157th pick / 2018,Central Michigan
Erik Austell,OG,75,301,5.23,27.5,24,107,8.13,4.9,0,0,0,0,0,0,0,0,0,0,0,0,300,Charleston Southern
Larry Ogunjobi,DE,75,305,4.97,32,26,116,7.55,4.75,0,0,0,0,0,0,0,0,0,0,0,0,Cleveland Browns / 3rd / 65th pick / 2017,Charlotte
Michael Tyson,S,73,204,4.56,33,17,118,,,0,0,0,0,0,0,0,0,0,0,0,0,Seattle Seahawks / 6th / 187th pick / 2017,Cincinnati
Ben Boulware,ILB,72,238,,29.5,20,111,7.02,4.43,0,0,0,0,0,0,0,0,0,0,0,0,300,Clemson
Wayne Gallman,RB,72,215,4.6,29.5,21,120,7.17,4.28,0,0,0,0,0,0,0,0,0,0,0,0,New York Giants / 4th / 140th pick / 2017,Clemson
Jadar Johnson,S,72,206,4.6,33,19,119,6.9,4.2,0,0,0,0,0,0,0,0,0,0,0,0,300,Clemson
Artavis Scott,WR,70,193,4.61,31,13,116,7.19,4.49,0,0,0,0,0,0,0,0,0,0,0,0,300,Clemson
Cordrea Tankersley,CB,73,199,4.4,29.5,13,121,7,4.32,0,0,0,0,0,0,0,0,0,0,0,0,Miami Dolphins / 3rd / 97th pick / 2017,Clemson
Deshaun Watson,QB,74,221,4.66,32.5,,119,6.95,4.31,0,0,0,0,0,0,0,0,0,0,0,0,Houston Texans / 1st / 12th pick / 2017,Clemson
Carlos Watkins,DT,75,309,,,25,,,,0,0,0,0,0,0,0,0,0,0,0,0,Houston Texans / 4th / 142nd pick / 2017,Clemson
Mike Williams,WR,76,218,,32.5,15,121,,,0,0,0,0,0,0,0,0,0,0,0,0,Los Angeles Chargers / 1st / 7th pick / 2017,Clemson
Jordan Leggett,TE,77,258,,33,18,114,7.12,4.33,0,0,0,0,0,0,0,0,0,0,0,0,New York Jets / 5th / 150th pick / 2017,Clemson
Ray-ray McCloud,WR,69,190,4.53,34.5,13,113,,,0,0,0,0,0,0,0,0,0,0,0,0,Buffalo Bills / 6th / 187th pick / 2018,Clemson
Van Smith,S,71,185,4.61,29.5,,,,,0,0,0,0,0,0,0,0,0,0,0,0,300,Clemson
Dorian O'daniel,OLB,73,223,4.61,32,21,119,6.64,4.07,0,0,0,0,0,0,0,0,0,0,0,0,Kansas City Chiefs / 3rd / 100th pick / 2018,Clemson
Deon Cain,WR,74,202,4.43,33.5,11,115,6.71,4.37,0,0,0,0,0,0,0,0,0,0,0,0,Indianapolis Colts / 6th / 185th pick / 2018,Clemson
Taylor Hearn,OG,76,320,5.45,24,18,96,7.84,4.8,0,0,0,0,0,0,0,0,0,0,0,0,300,Clemson
DeAngelo Henderson,RB,67,208,4.48,34,20,120,,,0,0,0,0,0,0,0,0,0,0,0,0,300,Coastal Carolina
Chidobe Awuzie,CB,72,202,4.43,34.5,16,132,6.81,4.14,0,0,0,0,0,0,0,0,0,0,0,0,Dallas Cowboys / 2nd / 60th pick / 2017,Colorado
Tedric Thompson,S,72,204,4.6,32.5,17,117,7.11,4.36,0,0,0,0,0,0,0,0,0,0,0,0,Seattle Seahawks / 4th / 111th pick / 2017,Colorado
Sefo Liufau,QB,75,232,5.08,27,,105,7.32,4.45,0,0,0,0,0,0,0,0,0,0,0,0,300,Colorado
Ahkello Witherspoon,CB,75,198,4.45,40.5,,127,6.93,4.13,0,0,0,0,0,0,0,0,0,0,0,0,San Francisco 49ers / 3rd / 66th pick / 2017,Colorado
Isaiah Oliver,CB,73,190,4.5,,,,,,0,0,0,0,0,0,0,0,0,0,0,0,Atlanta Falcons / 2nd / 58th pick / 2018,Colorado
Hayden Hunt,P,72,212,,,,,,,0,0,0,0,0,0,0,0,0,0,0,0,300,Colorado State
Kevin Davis,ILB,74,235,4.91,30.5,11,110,7.18,4.38,0,0,0,0,0,0,0,0,0,0,0,0,300,Colorado State
Michael Gallup,WR,73,205,4.51,36,10,122,6.95,4.37,0,0,0,0,0,0,0,0,0,0,0,0,Dallas Cowboys / 3rd / 81st pick / 2018,Colorado State
Noel Thomas,WR,72,205,4.63,32.5,9,118,,,0,0,0,0,0,0,0,0,0,0,0,0,300,Connecticut
Obi Melifonwu,S,76,224,4.4,44,17,141,,,0,0,0,0,0,0,0,0,0,0,0,0,Oakland Raiders / 2nd / 56th pick / 2017,Connecticut
Foley Fatukasi,DT,76,318,5.29,30,33,112,7.44,4.53,0,0,0,0,0,0,0,0,0,0,0,0,300,Connecticut
Bilal Nichols,DT,76,306,4.95,,29,,,,0,0,0,0,0,0,0,0,0,0,0,0,Chicago Bears / 5th / 145th pick / 2018,Delaware
Eric Saubert,TE,77,253,,33,22,121,,,0,0,0,0,0,0,0,0,0,0,0,0,Atlanta Falcons / 5th / 174th pick / 2017,Drake
Michael Joseph,CB,73,181,,34,17,,6.89,4.2,0,0,0,0,0,0,0,0,0,0,0,0,300,Dubuque
Zay Jones,WR,74,201,4.45,36.5,15,133,6.79,4.01,0,0,0,0,0,0,0,0,0,0,0,0,Buffalo Bills / 2nd / 37th pick / 2017,East Carolina
Davon Grayson,WR,73,199,4.51,34.5,19,124,,,0,0,0,0,0,0,0,0,0,0,0,0,300,East Carolina
Kendrick Bourne,WR,73,203,4.68,34,9,125,6.73,4.21,0,0,0,0,0,0,0,0,0,0,0,0,300,East. Washington
Cooper Kupp,WR,74,204,4.62,31,,116,6.75,4.08,0,0,0,0,0,0,0,0,0,0,0,0,Los Angeles Rams / 3rd / 69th pick / 2017,East. Washington
Marcus Maye,S,72,210,,,,,,,0,0,0,0,0,0,0,0,0,0,0,0,New York Jets / 2nd / 39th pick / 2017,Florida
Teez Tabor,CB,72,199,4.62,31,9,120,,,0,0,0,0,0,0,0,0,0,0,0,0,Detroit Lions / 2nd / 53rd pick / 2017,Florida
Jarrad Davis,ILB,73,238,,,,,,,0,0,0,0,0,0,0,0,0,0,0,0,Detroit Lions / 1st / 21st pick / 2017,Florida
Quincy Wilson,CB,73,211,4.54,32,14,118,6.86,4.02,0,0,0,0,0,0,0,0,0,0,0,0,Indianapolis Colts / 2nd / 46th pick / 2017,Florida
Alex Anzalone,OLB,75,241,4.63,30.5,16,116,6.88,4.25,0,0,0,0,0,0,0,0,0,0,0,0,New Orleans Saints / 3rd / 76th pick / 2017,Florida
Caleb Brantley,DT,75,307,5.14,27,21,105,7.66,4.62,0,0,0,0,0,0,0,0,0,0,0,0,Cleveland Browns / 6th / 185th pick / 2017,Florida
Bryan Cox Jr.,DE,75,265,4.89,26.5,16,109,7.36,4.46,0,0,0,0,0,0,0,0,0,0,0,0,300,Florida
David Sharpe,OT,78,343,5.44,20.5,19,97,7.87,4.78,0,0,0,0,0,0,0,0,0,0,0,0,Oakland Raiders / 4th / 129th pick / 2017,Florida
Marcell Harris,S,72,208,,,16,,,,0,0,0,0,0,0,0,0,0,0,0,0,San Francisco 49ers / 6th / 184th pick / 2018,Florida
Eddy Pineiro,K,72,185,,,,,,,0,0,0,0,0,0,0,0,0,0,0,0,300,Florida
Duke Dawson,CB,70,208,4.46,,15,,,,0,0,0,0,0,0,0,0,0,0,0,0,New England Patriots / 2nd / 56th pick / 2018,Florida
Antonio Callaway,WR,71,200,4.41,34,,121,,,0,0,0,0,0,0,0,0,0,0,0,0,Cleveland Browns / 4th / 105th pick / 2018,Florida
Johnny Townsend,P,73,210,,,,,,,0,0,0,0,0,0,0,0,0,0,0,0,Oakland Raiders / 5th / 173rd pick / 2018,Florida
Taven Bryan,DT,76,291,4.98,35,30,119,7.12,4.48,0,0,0,0,0,0,0,0,0,0,0,0,Jacksonville Jaguars / 1st / 29th pick / 2018,Florida
Trey Hendrickson,DE,76,266,4.65,33.5,,122,7.03,4.2,0,0,0,0,0,0,0,0,0,0,0,0,New Orleans Saints / 3rd / 103rd pick / 2017,Florida Atlantic
Jonnu Smith,TE,75,248,4.62,38,22,127,,4.18,0,0,0,0,0,0,0,0,0,0,0,0,Tennessee Titans / 3rd / 100th pick / 2017,Florida International
Travis Rudolph,WR,72,189,4.65,31.5,12,114,6.93,4.46,0,0,0,0,0,0,0,0,0,0,0,0,300,Florida State
Freddie Stevenson,FB,72,234,4.75,28,24,111,7.65,4.45,0,0,0,0,0,0,0,0,0,0,0,0,300,Florida State
Marquez White,CB,72,194,4.59,36,,123,,,0,0,0,0,0,0,0,0,0,0,0,0,Dallas Cowboys / 6th / 216th pick / 2017,Florida State
Kermit Whitfield,WR,68,185,4.44,32.5,8,120,7.17,4.37,0,0,0,0,0,0,0,0,0,0,0,0,300,Florida State
Jesus Wilson,WR,69,189,4.57,,10,119,,4.57,0,0,0,0,0,0,0,0,0,0,0,0,300,Florida State
Dalvin Cook,RB,70,210,4.49,30.5,22,116,7.27,4.53,0,0,0,0,0,0,0,0,0,0,0,0,Minnesota Vikings / 2nd / 41st pick / 2017,Florida State
DeMarcus Walker,DE,76,280,,,18,,,,0,0,0,0,0,0,0,0,0,0,0,0,Denver Broncos / 2nd / 51st pick / 2017,Florida State
Roderick Johnson,OT,79,298,,,,,,,0,0,0,0,0,0,0,0,0,0,0,0,Cleveland Browns / 5th / 160th pick / 2017,Florida State
Derrick Nnadi,DT,73,317,5.38,27,25,96,8.15,5.02,0,0,0,0,0,0,0,0,0,0,0,0,Kansas City Chiefs / 3rd / 75th pick / 2018,Florida State
Tarvarus McFadden,CB,74,198,4.67,38.5,,121,,,0,0,0,0,0,0,0,0,0,0,0,0,300,Florida State
Derwin James,S,75,215,4.47,40,21,132,,,0,0,0,0,0,0,0,0,0,0,0,0,Los Angeles Chargers / 1st / 17th pick / 2018,Florida State
Matthew Thomas,OLB,75,232,4.58,41.5,,131,6.85,4.28,0,0,0,0,0,0,0,0,0,0,0,0,300,Florida State
Jacob Pugh,OLB,76,246,4.65,38.5,,122,,,0,0,0,0,0,0,0,0,0,0,0,0,300,Florida State
Josh Sweat,EDGE,76,251,4.53,39.5,,124,,4.28,0,0,0,0,0,0,0,0,0,0,0,0,Philadelphia Eagles / 4th / 130th pick / 2018,Florida State
Ryan Izzo,TE,77,256,4.94,33,18,110,7.15,4.43,0,0,0,0,0,0,0,0,0,0,0,0,New England Patriots / 7th / 250th pick / 2018,Florida State
Auden Tate,WR,77,228,4.68,31,,112,,,0,0,0,0,0,0,0,0,0,0,0,0,Cincinnati Bengals / 7th / 253rd pick / 2018,Florida State
Rick Leonard,OT,79,311,,,19,,,,0,0,0,0,0,0,0,0,0,0,0,0,New Orleans Saints / 4th / 127th pick / 2018,Florida State
Chase Edmonds,RB,69,205,4.55,34,19,122,6.79,4.07,0,0,0,0,0,0,0,0,0,0,0,0,Arizona Cardinals / 4th / 134th pick / 2018,Fordham
Nathan Shepherd,DT,77,315,5.09,31,,112,7.5,4.53,0,0,0,0,0,0,0,0,0,0,0,0,New York Jets / 3rd / 72nd pick / 2018,Fort Hays State
Isaiah McKenzie,WR,67,173,4.42,36,11,123,6.64,4.15,0,0,0,0,0,0,0,0,0,0,0,0,Denver Broncos / 5th / 172nd pick / 2017,Georgia
Dominick Sanders,S,72,193,,,14,,,,0,0,0,0,0,0,0,0,0,0,0,0,300,Georgia
Nick Chubb,RB,71,227,4.52,38.5,29,128,7.09,4.25,0,0,0,0,0,0,0,0,0,0,0,0,Cleveland Browns / 2nd / 35th pick / 2018,Georgia
Sony Michel,RB,71,214,4.54,,22,,,4.21,0,0,0,0,0,0,0,0,0,0,0,0,New England Patriots / 1st / 31st pick / 2018,Georgia
Roquan Smith,OLB,73,236,4.51,,,,,,0,0,0,0,0,0,0,0,0,0,0,0,Chicago Bears / 1st / 8th pick / 2018,Georgia
Javon Wims,WR,75,215,4.53,33.5,,113,7,,0,0,0,0,0,0,0,0,0,0,0,0,Chicago Bears / 7th / 224th pick / 2018,Georgia
Isaiah Wynn,OG,75,313,,,,,,,0,0,0,0,0,0,0,0,0,0,0,0,New England Patriots / 1st / 23rd pick / 2018,Georgia
John Atkins,DT,76,321,5.38,24,,89,7.95,4.75,0,0,0,0,0,0,0,0,0,0,0,0,300,Georgia
Trenton Thompson,DT,76,288,5.06,32.5,,111,7.68,4.56,0,0,0,0,0,0,0,0,0,0,0,0,300,Georgia
Davin Bellamy,EDGE,77,255,,,15,,,,0,0,0,0,0,0,0,0,0,0,0,0,300,Georgia
Lorenzo Carter,EDGE,78,250,4.5,36,,130,,,0,0,0,0,0,0,0,0,0,0,0,0,New York Giants / 3rd / 66th pick / 2018,Georgia
Robert Davis,WR,75,219,4.44,41,19,136,6.82,4.28,0,0,0,0,0,0,0,0,0,0,0,0,Washington Redskins / 6th / 209th pick / 2017,Georgia State
Chandon Sullivan,CB,71,195,4.6,40.5,15,134,,4.36,0,0,0,0,0,0,0,0,0,0,0,0,300,Georgia State
Harrison Butker,K,76,199,,,,,,,0,0,0,0,0,0,0,0,0,0,0,0,Carolina Panthers / 7th / 233rd pick / 2017,Georgia Tech
Greg Ward Jr.,WR,71,186,,,10,,,,0,0,0,0,0,0,0,0,0,0,0,0,300,Houston
Howard Wilson,CB,73,184,4.57,33.5,,119,6.68,3.94,0,0,0,0,0,0,0,0,0,0,0,0,Cleveland Browns / 4th / 126th pick / 2017,Houston
Tyus Bowser,OLB,75,247,4.65,37.5,21,127,6.75,,0,0,0,0,0,0,0,0,0,0,0,0,Baltimore Ravens / 2nd / 47th pick / 2017,Houston
Alex Cappa,OT,78,305,5.39,26.5,24,97,8.04,4.84,0,0,0,0,0,0,0,0,0,0,0,0,Tampa Bay Buccaneers / 3rd / 94th pick / 2018,Humboldt State
Austin Rehkow,P,75,214,,,,,,,0,0,0,0,0,0,0,0,0,0,0,0,300,Idaho
Skyler Phillips,OG,75,318,5.1,29,,104,7.95,4.69,0,0,0,0,0,0,0,0,0,0,0,0,300,Idaho State
Hardy Nickerson,ILB,72,232,4.78,33,18,116,,4.38,0,0,0,0,0,0,0,0,0,0,0,0,300,Illinois
Chunky Clements,DT,74,301,,,23,,,,0,0,0,0,0,0,0,0,0,0,0,0,300,Illinois
Carroll Phillips,OLB,75,242,4.64,30,23,123,7.06,4.37,0,0,0,0,0,0,0,0,0,0,0,0,300,Illinois
Dawuane Smoot,DE,75,264,4.77,29.5,,117,7.18,4.39,0,0,0,0,0,0,0,0,0,0,0,0,Jacksonville Jaguars / 3rd / 68th pick / 2017,Illinois
Cameron Lee,OG,77,312,5.44,25.5,18,100,8.02,4.75,0,0,0,0,0,0,0,0,0,0,0,0,300,Illinois State
Davontae Harris,CB,72,200,4.43,32.5,22,123,6.96,4.4,0,0,0,0,0,0,0,0,0,0,0,0,Cincinnati Bengals / 5th / 151st pick / 2018,Illinois State
Devine Redding,RB,68,205,4.76,30.5,16,116,7.18,4.46,0,0,0,0,0,0,0,0,0,0,0,0,300,Indiana
Dan Feeney,OG,76,305,5.24,28,26,101,7.52,4.68,0,0,0,0,0,0,0,0,0,0,0,0,Los Angeles Chargers / 3rd / 71st pick / 2017,Indiana
Tegray Scales,ILB,72,230,4.77,,27,,,,0,0,0,0,0,0,0,0,0,0,0,0,300,Indiana
Rashard Fant,CB,70,175,,,,,,,0,0,0,0,0,0,0,0,0,0,0,0,300,Indiana
Chris Covington,OLB,74,245,4.78,,23,,,,0,0,0,0,0,0,0,0,0,0,0,0,Dallas Cowboys / 6th / 193rd pick / 2018,Indiana
Simmie Cobbs,WR,75,220,4.64,30,11,113,6.7,4.32,0,0,0,0,0,0,0,0,0,0,0,0,300,Indiana
Ian Thomas,TE,76,259,4.74,36,,123,7.15,4.2,0,0,0,0,0,0,0,0,0,0,0,0,Carolina Panthers / 4th / 101st pick / 2018,Indiana
Ethan Cooper,OG,74,322,5.36,24.5,26,99,8.02,4.88,0,0,0,0,0,0,0,0,0,0,0,0,300,Indiana (PA)
Max Redfield,S,73,205,4.69,,15,,,,0,0,0,0,0,0,0,0,0,0,0,0,300,Indiana (PA)
Desmond King,S,70,201,,34,14,117,6.67,4.18,0,0,0,0,0,0,0,0,0,0,0,0,Los Angeles Chargers / 5th / 151st pick / 2017,Iowa
C.J. Beathard,QB,74,219,,31,,113,,,0,0,0,0,0,0,0,0,0,0,0,0,San Francisco 49ers / 3rd / 104th pick / 2017,Iowa
Jaleel Johnson,DT,75,316,5.38,28,19,100,7.64,4.62,0,0,0,0,0,0,0,0,0,0,0,0,Minnesota Vikings / 4th / 109th pick / 2017,Iowa
George Kittle,TE,76,247,4.52,35,18,132,,,0,0,0,0,0,0,0,0,0,0,0,0,San Francisco 49ers / 5th / 146th pick / 2017,Iowa
Akrum Wadley,RB,70,194,4.54,32,12,,,,0,0,0,0,0,0,0,0,0,0,0,0,300,Iowa
Josh Jackson,CB,73,192,4.56,38,18,123,6.86,4.03,0,0,0,0,0,0,0,0,0,0,0,0,Green Bay Packers / 2nd / 45th pick / 2018,Iowa
Josey Jewell,ILB,73,234,4.82,33,18,117,6.8,4.27,0,0,0,0,0,0,0,0,0,0,0,0,Denver Broncos / 4th / 106th pick / 2018,Iowa
James Daniels,C,75,306,,30.5,21,108,7.29,4.4,0,0,0,0,0,0,0,0,0,0,0,0,Chicago Bears / 2nd / 39th pick / 2018,Iowa
Sean Welsh,C,75,306,5.43,25,20,103,7.9,4.81,0,0,0,0,0,0,0,0,0,0,0,0,300,Iowa
Allen Lazard,WR,77,227,4.55,38,17,122,,,0,0,0,0,0,0,0,0,0,0,0,0,300,Iowa State
Siran Neal,S,72,199,4.56,40.5,17,122,7,4.28,0,0,0,0,0,0,0,0,0,0,0,0,Buffalo Bills / 5th / 154th pick / 2018,Jacksonville State
Roc Thomas,RB,70,198,4.56,35.5,16,125,,,0,0,0,0,0,0,0,0,0,0,0,0,300,Jacksonville State
Darius Jackson,EDGE,75,242,4.87,26.5,21,113,7.52,,0,0,0,0,0,0,0,0,0,0,0,0,300,Jacksonville State
Dorance Armstrong,EDGE,76,257,4.87,30,20,118,7.12,4.23,0,0,0,0,0,0,0,0,0,0,0,0,Dallas Cowboys / 4th / 116th pick / 2018,Kansas
Jordan Willis,DE,76,255,4.53,39,24,125,6.85,4.28,0,0,0,0,0,0,0,0,0,0,0,0,Cincinnati Bengals / 3rd / 73rd pick / 2017,Kansas State
D.J. Reed,CB,69,188,4.51,36.5,11,,,,0,0,0,0,0,0,0,0,0,0,0,0,San Francisco 49ers / 5th / 142nd pick / 2018,Kansas State
Byron Pringle,WR,73,203,4.46,33.5,15,120,6.87,4.4,0,0,0,0,0,0,0,0,0,0,0,0,300,Kansas State
Stanley Williams,RB,67,190,4.51,36,18,121,6.86,4.18,0,0,0,0,0,0,0,0,0,0,0,0,300,Kentucky
Jon Toth,C,77,307,5.51,25.5,21,100,8.09,4.84,0,0,0,0,0,0,0,0,0,0,0,0,300,Kentucky
Jordan Morgan,OG,75,309,5.36,27,21,102,8.13,4.73,0,0,0,0,0,0,0,0,0,0,0,0,Chicago Bears / 5th / 147th pick / 2017,Kutztown Pennsylvania
Connor Harris,ILB,71,242,4.73,33,18,114,7.13,4.31,0,0,0,0,0,0,0,0,0,0,0,0,300,Lindenwood
Elijah McGuire,RB,70,214,4.53,36,15,120,7.26,4.56,0,0,0,0,0,0,0,0,0,0,0,0,New York Jets / 6th / 188th pick / 2017,Louisiana
Trent Taylor,WR,68,181,4.63,33,13,117,6.74,4.01,0,0,0,0,0,0,0,0,0,0,0,0,San Francisco 49ers / 5th / 177th pick / 2017,Louisiana Tech
Carlos Henderson,WR,71,199,4.46,36,13,131,7.18,4.35,0,0,0,0,0,0,0,0,0,0,0,0,Denver Broncos / 3rd / 82nd pick / 2017,Louisiana Tech
Xavier Woods,S,71,197,4.54,33.5,19,122,6.72,4.13,0,0,0,0,0,0,0,0,0,0,0,0,Dallas Cowboys / 6th / 191st pick / 2017,Louisiana Tech
Trey Walker,S,74,200,4.51,33,14,119,7,4.28,0,0,0,0,0,0,0,0,0,0,0,0,300,Louisiana-Lafayette
Keith Kelsey,ILB,72,233,4.92,29.5,23,112,7.28,4.56,0,0,0,0,0,0,0,0,0,0,0,0,300,Louisville
James Quick,WR,72,186,4.6,31,11,115,7,4.39,0,0,0,0,0,0,0,0,0,0,0,0,300,Louisville
Devonte Fields,OLB,74,236,4.72,34,,124,7.4,4.5,0,0,0,0,0,0,0,0,0,0,0,0,300,Louisville
Jamari Staples,WR,75,195,4.51,36,,130,,,0,0,0,0,0,0,0,0,0,0,0,0,300,Louisville
Josh Harvey-Clemons,S,76,217,,31.5,12,121,,,0,0,0,0,0,0,0,0,0,0,0,0,Washington Redskins / 7th / 230th pick / 2017,Louisville
Cole Hikutini,TE,76,247,,,20,,,,0,0,0,0,0,0,0,0,0,0,0,0,300,Louisville
Colin Holba,LS,76,248,5.19,28,,115,,,0,0,0,0,0,0,0,0,0,0,0,0,Pittsburgh Steelers / 6th / 213th pick / 2017,Louisville
Jaire Alexander,CB,71,192,4.38,35,14,127,6.71,3.98,0,0,0,0,0,0,0,0,0,0,0,0,Green Bay Packers / 1st / 18th pick / 2018,Louisville
Lamar Jackson,QB,74,216,,,,,,,0,0,0,0,0,0,0,0,0,0,0,0,Baltimore Ravens / 1st / 32nd pick / 2018,Louisville
James Hearns,EDGE,75,239,4.89,,22,,,,0,0,0,0,0,0,0,0,0,0,0,0,300,Louisville
Trevon Young,EDGE,76,258,4.78,33,25,114,6.99,4.4,0,0,0,0,0,0,0,0,0,0,0,0,Los Angeles Rams / 6th / 205th pick / 2018,Louisville
Geron Christian,OT,77,298,5.33,,19,,,,0,0,0,0,0,0,0,0,0,0,0,0,Washington Redskins / 3rd / 74th pick / 2018,Louisville
Jamal Adams,S,72,214,4.56,31.5,18,120,6.96,4.13,0,0,0,0,0,0,0,0,0,0,0,0,New York Jets / 1st / 6th pick / 2017,LSU
Leonard Fournette,RB,72,240,4.51,28.5,,,,,0,0,0,0,0,0,0,0,0,0,0,0,Jacksonville Jaguars / 1st / 4th pick / 2017,LSU
Duke Riley,OLB,72,232,4.58,34.5,18,122,6.89,4.21,0,0,0,0,0,0,0,0,0,0,0,0,Atlanta Falcons / 3rd / 75th pick / 2017,LSU
TreDavious White,CB,71,192,4.47,32,16,119,6.9,4.32,0,0,0,0,0,0,0,0,0,0,0,0,Buffalo Bills / 1st / 27th pick / 2017,LSU
Travin Dural,WR,73,202,4.57,30.5,,116,7.29,4.55,0,0,0,0,0,0,0,0,0,0,0,0,300,LSU
Kendell Beckwith,ILB,74,243,,,20,,,,0,0,0,0,0,0,0,0,0,0,0,0,Tampa Bay Buccaneers / 3rd / 107th pick / 2017,LSU
Malachi Dupre,WR,74,196,4.52,39.5,11,135,7.19,4.26,0,0,0,0,0,0,0,0,0,0,0,0,Green Bay Packers / 7th / 247th pick / 2017,LSU
Davon Gaudchaux,DT,75,310,5.27,,18,,,,0,0,0,0,0,0,0,0,0,0,0,0,Miami Dolphins / 5th / 178th pick / 2017,LSU
Tashawn Bower,OLB,77,250,4.82,31.5,20,121,7.2,4.37,0,0,0,0,0,0,0,0,0,0,0,0,300,LSU
Ethan Pocic,C,78,310,5.15,27,26,107,7.89,4.81,0,0,0,0,0,0,0,0,0,0,0,0,Seattle Seahawks / 2nd / 58th pick / 2017,LSU
Darrel Williams,RB,72,225,4.72,32,22,109,,4.21,0,0,0,0,0,0,0,0,0,0,0,0,300,LSU
Derrius Guice,RB,70,224,4.49,31.5,15,,,,0,0,0,0,0,0,0,0,0,0,0,0,Washington Redskins / 2nd / 59th pick / 2018,LSU
Donte Jackson,CB,71,175,4.32,,7,124,,,0,0,0,0,0,0,0,0,0,0,0,0,Carolina Panthers / 2nd / 55th pick / 2018,LSU
Danny Etling,QB,74,222,4.76,30.5,,114,7.09,4.37,0,0,0,0,0,0,0,0,0,0,0,0,New England Patriots / 7th / 219th pick / 2018,LSU
D.J. Chark,WR,75,199,4.34,40,16,129,,,0,0,0,0,0,0,0,0,0,0,0,0,Jacksonville Jaguars / 2nd / 61st pick / 2018,LSU
Kevin Toliver,CB,75,204,,33,10,120,,,0,0,0,0,0,0,0,0,0,0,0,0,300,LSU
Will Clapp,C,76,311,5.39,29,25,97,8.04,4.92,0,0,0,0,0,0,0,0,0,0,0,0,New Orleans Saints / 7th / 245th pick / 2018,LSU
K.J. Malone,OG,76,303,5.34,29.5,15,103,,,0,0,0,0,0,0,0,0,0,0,0,0,300,LSU
Toby Weathersby,OT,76,317,5.34,24.5,28,106,8.55,5.38,0,0,0,0,0,0,0,0,0,0,0,0,300,LSU
Arden Key,EDGE,78,238,,31,,117,7.16,4.25,0,0,0,0,0,0,0,0,0,0,0,0,Oakland Raiders / 3rd / 87th pick / 2018,LSU
Jamil Demby,OG,76,319,5.58,23.5,17,98,7.86,4.95,0,0,0,0,0,0,0,0,0,0,0,0,Los Angeles Rams / 6th / 192nd pick / 2018,Maine
Chase Litton,QB,77,230,4.9,29.5,,106,7.49,4.53,0,0,0,0,0,0,0,0,0,0,0,0,300,Marshall
William Likely,CB,67,180,,,15,,,,0,0,0,0,0,0,0,0,0,0,0,0,300,Maryland
D.J. Moore,WR,72,210,4.42,39.5,15,132,6.95,4.07,0,0,0,0,0,0,0,0,0,0,0,0,Carolina Panthers / 1st / 24th pick / 2018,Maryland
J.C. Jackson,CB,71,193,4.46,35.5,14,120,,,0,0,0,0,0,0,0,0,0,0,0,0,300,Maryland
Jake Elliott,K,69,167,4.79,,,,,,0,0,0,0,0,0,0,0,0,0,0,0,Cincinnati Bengals / 5th / 153rd pick / 2017,Memphis
Arthur Maulet,CB,70,189,4.62,34.5,18,120,,,0,0,0,0,0,0,0,0,0,0,0,0,300,Memphis
Anthony Miller,WR,71,201,,,22,,,,0,0,0,0,0,0,0,0,0,0,0,0,Chicago Bears / 2nd / 51st pick / 2018,Memphis
Genard Avery,ILB,73,248,4.59,36,26,124,6.9,4.36,0,0,0,0,0,0,0,0,0,0,0,0,Cleveland Browns / 5th / 150th pick / 2018,Memphis
Riley Ferguson,QB,75,212,4.98,29,,110,6.96,4.4,0,0,0,0,0,0,0,0,0,0,0,0,300,Memphis
Corn Elder,CB,70,183,4.55,,,,,,0,0,0,0,0,0,0,0,0,0,0,0,Carolina Panthers / 5th / 152nd pick / 2017,Miami (FL)
Jamal Carter,S,73,218,4.64,35,19,122,,,0,0,0,0,0,0,0,0,0,0,0,0,300,Miami (FL)
Stacy Coley,WR,73,195,4.45,34,10,122,,,0,0,0,0,0,0,0,0,0,0,0,0,Minnesota Vikings / 7th / 219th pick / 2017,Miami (FL)
Rayshawn Jenkins,S,73,214,4.51,37,19,128,,,0,0,0,0,0,0,0,0,0,0,0,0,Los Angeles Chargers / 4th / 113th pick / 2017,Miami (FL)
Danny Isidora,OG,75,306,5.03,29,26,94,8.13,4.9,0,0,0,0,0,0,0,0,0,0,0,0,Minnesota Vikings / 5th / 180th pick / 2017,Miami (FL)
Al-Quadin Muhammad,DE,75,253,4.88,30.5,22,117,7.25,4.47,0,0,0,0,0,0,0,0,0,0,0,0,New Orleans Saints / 6th / 196th pick / 2017,Miami (FL)
Brad Kaaya,QB,76,214,,,,,,,0,0,0,0,0,0,0,0,0,0,0,0,Detroit Lions / 6th / 215th pick / 2017,Miami (FL)
David Njoku,TE,76,246,4.64,37.5,21,133,6.97,4.34,0,0,0,0,0,0,0,0,0,0,0,0,Cleveland Browns / 1st / 29th pick / 2017,Miami (FL)
Justin Vogel,P,76,219,4.7,34,,,,,0,0,0,0,0,0,0,0,0,0,0,0,300,Miami (FL)
Braxton Berrios,WR,69,184,,,11,,,,0,0,0,0,0,0,0,0,0,0,0,0,New England Patriots / 6th / 210th pick / 2018,Miami (FL)
Mike Badgley,K,70,183,4.94,,,111,,,0,0,0,0,0,0,0,0,0,0,0,0,300,Miami (FL)
Mark Walton,RB,70,202,4.6,31.5,18,118,,,0,0,0,0,0,0,0,0,0,0,0,0,Cincinnati Bengals / 4th / 112th pick / 2018,Miami (FL)
Dee Delaney,CB,73,194,4.46,32.5,13,120,6.95,4.25,0,0,0,0,0,0,0,0,0,0,0,0,300,Miami (FL)
Kendrick Norton,DT,75,314,5.25,,30,,,,0,0,0,0,0,0,0,0,0,0,0,0,Carolina Panthers / 7th / 242nd pick / 2018,Miami (FL)
Chris Herndon,TE,76,253,,,21,,,,0,0,0,0,0,0,0,0,0,0,0,0,New York Jets / 4th / 107th pick / 2018,Miami (FL)
R.J. McIntosh,DT,76,286,,,,,,,0,0,0,0,0,0,0,0,0,0,0,0,New York Giants / 5th / 139th pick / 2018,Miami (FL)
Kc McDermott,OG,78,311,5.35,23.5,26,97,7.72,4.82,0,0,0,0,0,0,0,0,0,0,0,0,300,Miami (FL)
Chad Thomas,DE,78,281,4.92,29,,116,,,0,0,0,0,0,0,0,0,0,0,0,0,Cleveland Browns / 3rd / 67th pick / 2018,Miami (FL)
Collin Buchanan,OT,77,316,,25,23,97,,,0,0,0,0,0,0,0,0,0,0,0,0,300,Miami (OH)
Jourdan Lewis,CB,70,188,4.54,34.5,15,121,,,0,0,0,0,0,0,0,0,0,0,0,0,Dallas Cowboys / 3rd / 92nd pick / 2017,Michigan
Jabrill Peppers,S,71,213,4.46,35.5,19,128,,,0,0,0,0,0,0,0,0,0,0,0,0,Cleveland Browns / 1st / 25th pick / 2017,Michigan
De'Veon Smith,RB,71,223,,29,22,108,7.3,4.56,0,0,0,0,0,0,0,0,0,0,0,0,300,Michigan
Delano Hill,S,73,216,4.47,33.5,17,115,6.96,4.27,0,0,0,0,0,0,0,0,0,0,0,0,Seattle Seahawks / 3rd / 95th pick / 2017,Michigan
Channing Stribling,CB,73,188,4.6,31.5,5,114,6.94,4.56,0,0,0,0,0,0,0,0,0,0,0,0,300,Michigan
Amara Darboh,WR,74,214,4.45,36,17,124,,,0,0,0,0,0,0,0,0,0,0,0,0,Seattle Seahawks / 3rd / 106th pick / 2017,Michigan
Ben Gedeon,ILB,74,244,4.75,34.5,27,119,6.98,4.13,0,0,0,0,0,0,0,0,0,0,0,0,Minnesota Vikings / 4th / 120th pick / 2017,Michigan
Jehu Chesson,WR,75,204,4.47,35.5,10,132,6.7,4.09,0,0,0,0,0,0,0,0,0,0,0,0,Kansas City Chiefs / 4th / 139th pick / 2017,Michigan
Jeremy Clark,CB,75,220,,,20,,,,0,0,0,0,0,0,0,0,0,0,0,0,New York Jets / 6th / 197th pick / 2017,Michigan
Ryan Glasgow,DT,75,302,5.13,27.5,20,105,7.55,4.5,0,0,0,0,0,0,0,0,0,0,0,0,Cincinnati Bengals / 4th / 138th pick / 2017,Michigan
Jake Butt,TE,77,246,,,,,,,0,0,0,0,0,0,0,0,0,0,0,0,Denver Broncos / 5th / 145th pick / 2017,Michigan
Chris Wormley,DT,77,298,,,23,,,,0,0,0,0,0,0,0,0,0,0,0,0,Baltimore Ravens / 3rd / 74th pick / 2017,Michigan
Ben Braden,OG,78,329,5.04,28,25,102,7.85,4.9,0,0,0,0,0,0,0,0,0,0,0,0,300,Michigan
Taco Charlton,DE,78,277,4.92,33,25,116,7.17,4.39,0,0,0,0,0,0,0,0,0,0,0,0,Dallas Cowboys / 1st / 28th pick / 2017,Michigan
Maurice Hurst,DT,74,292,,,,,,,0,0,0,0,0,0,0,0,0,0,0,0,Oakland Raiders / 5th / 140th pick / 2018,Michigan
Mason Cole,C,76,307,5.23,23.5,23,104,7.77,4.78,0,0,0,0,0,0,0,0,0,0,0,0,Arizona Cardinals / 3rd / 97th pick / 2018,Michigan
Mike McCray,ILB,76,243,4.76,31.5,16,119,7.09,4.25,0,0,0,0,0,0,0,0,0,0,0,0,300,Michigan
Riley Bullough,ILB,74,226,,31.5,20,116,,,0,0,0,0,0,0,0,0,0,0,0,0,300,Michigan State
Montae Nicholson,S,74,212,4.42,35,,125,,,0,0,0,0,0,0,0,0,0,0,0,0,Washington Redskins / 4th / 123rd pick / 2017,Michigan State
Malik McDowell,DT,78,295,4.85,28.5,23,112,7.69,4.53,0,0,0,0,0,0,0,0,0,0,0,0,Seattle Seahawks / 2nd / 35th pick / 2017,Michigan State
Brian Allen,C,73,298,5.34,26.5,27,99,7.81,4.71,0,0,0,0,0,0,0,0,0,0,0,0,Los Angeles Rams / 4th / 111th pick / 2018,Michigan State
Richie James,WR,70,183,4.48,35.5,6,122,6.87,4.16,0,0,0,0,0,0,0,0,0,0,0,0,San Francisco 49ers / 7th / 240th pick / 2018,Middle Tennessee State
Jalen Myrick,CB,70,200,4.28,37.5,13,124,7.06,4.22,0,0,0,0,0,0,0,0,0,0,0,0,Jacksonville Jaguars / 7th / 222nd pick / 2017,Minnesota
Damarius Travis,S,73,206,,32.5,13,115,7.08,4.28,0,0,0,0,0,0,0,0,0,0,0,0,300,Minnesota
Mitch Leidner,QB,75,226,4.93,34.5,,123,6.96,4.25,0,0,0,0,0,0,0,0,0,0,0,0,300,Minnesota
Quincy Adeboyejo,WR,75,197,4.42,34.5,8,123,6.73,4.14,0,0,0,0,0,0,0,0,0,0,0,0,300,Mississippi
Evan Engram,TE,75,234,4.42,36,19,125,6.92,4.23,0,0,0,0,0,0,0,0,0,0,0,0,New York Giants / 1st / 23rd pick / 2017,Mississippi
Fadol Brown,DE,76,273,4.94,34,19,115,7.24,4.44,0,0,0,0,0,0,0,0,0,0,0,0,300,Mississippi
Jordan Wilkins,RB,73,216,,36,16,117,,4.27,0,0,0,0,0,0,0,0,0,0,0,0,Indianapolis Colts / 5th / 169th pick / 2018,Mississippi
Marquis Haynes,EDGE,75,235,4.67,32,23,123,7.14,4.45,0,0,0,0,0,0,0,0,0,0,0,0,Carolina Panthers / 4th / 136th pick / 2018,Mississippi
Breeland Speaks,DT,75,283,4.87,32.5,,110,7.63,4.65,0,0,0,0,0,0,0,0,0,0,0,0,Kansas City Chiefs / 2nd / 46th pick / 2018,Mississippi
Rod Taylor,OT,75,320,5.24,30.5,,99,,,0,0,0,0,0,0,0,0,0,0,0,0,Cincinnati Bengals / 7th / 252nd pick / 2018,Mississippi
Fred Ross,WR,73,213,4.51,35,10,113,6.99,4.28,0,0,0,0,0,0,0,0,0,0,0,0,300,Mississippi State
Justin Senior,OT,77,331,5.55,23,,98,8.19,5.06,0,0,0,0,0,0,0,0,0,0,0,0,Seattle Seahawks / 6th / 210th pick / 2017,Mississippi State
Martinas Rankin,OL,76,308,,,24,,,,0,0,0,0,0,0,0,0,0,0,0,0,Houston Texans / 3rd / 80th pick / 2018,Mississippi State
Jordan Thomas,TE,77,265,4.74,27,16,111,7.5,4.75,0,0,0,0,0,0,0,0,0,0,0,0,Houston Texans / 6th / 211th pick / 2018,Mississippi State
Charles Harris,DE,75,253,4.82,32,21,109,7.47,4.42,0,0,0,0,0,0,0,0,0,0,0,0,Miami Dolphins / 1st / 22nd pick / 2017,Missouri
Jmon Moore,WR,75,207,4.6,38,21,120,6.56,4.04,0,0,0,0,0,0,0,0,0,0,0,0,300,Missouri
Dmontre Wade,CB,72,200,4.57,35.5,15,120,,4.4,0,0,0,0,0,0,0,0,0,0,0,0,300,Murray State
Nate Gerry,S,74,218,4.58,30.5,17,122,,,0,0,0,0,0,0,0,0,0,0,0,0,Philadelphia Eagles / 5th / 184th pick / 2017,Nebraska
Cethan Carter,TE,75,241,4.68,,19,,,,0,0,0,0,0,0,0,0,0,0,0,0,300,Nebraska
Chris Jones,CB,72,195,4.57,,14,,,,0,0,0,0,0,0,0,0,0,0,0,0,300,Nebraska
Drew Brown,K,70,208,,,,,,,0,0,0,0,0,0,0,0,0,0,0,0,300,Nebraska
Joshua Kalu,S,73,195,4.58,41.5,17,134,,,0,0,0,0,0,0,0,0,0,0,0,0,300,Nebraska
Tanner Lee,QB,76,218,4.98,32,,115,7,4.41,0,0,0,0,0,0,0,0,0,0,0,0,Jacksonville Jaguars / 6th / 203rd pick / 2018,Nebraska
Nick Gates,OT,77,307,5.46,24,20,94,7.61,4.68,0,0,0,0,0,0,0,0,0,0,0,0,300,Nebraska
Austin Corbett,OG,76,306,5.15,28,19,106,7.87,4.5,0,0,0,0,0,0,0,0,0,0,0,0,Cleveland Browns / 2nd / 33rd pick / 2018,Nevada
Jaleel Scott,WR,77,218,4.56,34.5,16,124,7.2,4.4,0,0,0,0,0,0,0,0,0,0,0,0,Baltimore Ravens / 4th / 132nd pick / 2018,New Mexico State
Elijah Hood,RB,72,232,,,18,,,,0,0,0,0,0,0,0,0,0,0,0,0,Oakland Raiders / 7th / 242nd pick / 2017,North Carolina
Ryan Switzer,WR,68,181,4.51,32,11,116,6.77,4,0,0,0,0,0,0,0,0,0,0,0,0,Dallas Cowboys / 4th / 133rd pick / 2017,North Carolina
T.J. Logan,RB,69,196,4.37,33.5,17,121,,,0,0,0,0,0,0,0,0,0,0,0,0,Arizona Cardinals / 5th / 179th pick / 2017,North Carolina
Mitchell Trubisky,QB,74,222,4.67,27.5,,116,6.87,4.25,0,0,0,0,0,0,0,0,0,0,0,0,Chicago Bears / 1st / 2nd pick / 2017,North Carolina
Mack Hollins,WR,76,221,4.53,,,,,,0,0,0,0,0,0,0,0,0,0,0,0,Philadelphia Eagles / 4th / 118th pick / 2017,North Carolina
Bug Howard,WR,76,221,4.58,37.5,,119,6.95,4.14,0,0,0,0,0,0,0,0,0,0,0,0,300,North Carolina
Nazair Jones,DT,77,304,5.11,24.5,,101,7.93,4.63,0,0,0,0,0,0,0,0,0,0,0,0,Seattle Seahawks / 3rd / 102nd pick / 2017,North Carolina
Andre Smith,ILB,72,237,4.63,,19,,,,0,0,0,0,0,0,0,0,0,0,0,0,Carolina Panthers / 7th / 234th pick / 2018,North Carolina
M.J. Stewart,CB,71,200,4.54,35,18,118,6.9,4.28,0,0,0,0,0,0,0,0,0,0,0,0,Tampa Bay Buccaneers / 2nd / 53rd pick / 2018,North Carolina
Tarik Cohen,RB,66,179,4.42,31.5,11,118,,,0,0,0,0,0,0,0,0,0,0,0,0,Chicago Bears / 4th / 119th pick / 2017,North Carolina A&T
Brandon Parker,OT,80,305,5.4,28.5,,113,7.82,4.68,0,0,0,0,0,0,0,0,0,0,0,0,Oakland Raiders / 3rd / 65th pick / 2018,North Carolina A&T
Jack Tocho,CB,72,202,4.54,35,21,125,,,0,0,0,0,0,0,0,0,0,0,0,0,Minnesota Vikings / 7th / 245th pick / 2017,North Carolina State
Matthew Dayes,RB,69,205,4.47,28,18,109,,,0,0,0,0,0,0,0,0,0,0,0,0,Cleveland Browns / 7th / 252nd pick / 2017,North Carolina State
Josh Jones,S,73,220,4.41,37.5,20,132,,,0,0,0,0,0,0,0,0,0,0,0,0,Green Bay Packers / 2nd / 61st pick / 2017,North Carolina State
Nyheim Hines,RB,68,198,4.38,35.5,,119,7.18,4.35,0,0,0,0,0,0,0,0,0,0,0,0,Indianapolis Colts / 4th / 104th pick / 2018,North Carolina State
Jaylen Samuels,TE,71,225,4.54,34.5,18,121,6.93,4.28,0,0,0,0,0,0,0,0,0,0,0,0,Pittsburgh Steelers / 5th / 165th pick / 2018,North Carolina State
Justin Jones,DT,74,309,5.09,29,24,104,7.82,4.74,0,0,0,0,0,0,0,0,0,0,0,0,Los Angeles Chargers / 3rd / 84th pick / 2018,North Carolina State
Kentavius Street,DE,74,280,4.87,,28,,,,0,0,0,0,0,0,0,0,0,0,0,0,San Francisco 49ers / 4th / 128th pick / 2018,North Carolina State
Bradley Chubb,DE,76,269,4.65,36,24,121,7.37,4.41,0,0,0,0,0,0,0,0,0,0,0,0,Denver Broncos / 1st / 5th pick / 2018,North Carolina State
B.J. Hill,DT,76,311,4.99,26.5,35,101,7.28,4.53,0,0,0,0,0,0,0,0,0,0,0,0,New York Giants / 3rd / 69th pick / 2018,North Carolina State
Will Richardson,OT,78,306,5.26,31.5,,108,7.8,4.83,0,0,0,0,0,0,0,0,0,0,0,0,Jacksonville Jaguars / 4th / 129th pick / 2018,North Carolina State
Nick Deluca,OLB,75,251,4.85,29.5,18,112,7.09,4.23,0,0,0,0,0,0,0,0,0,0,0,0,300,North Dakota State
Jeff Wilson,RB,71,210,,,15,,,,0,0,0,0,0,0,0,0,0,0,0,0,300,North Texas
Kenny Golladay,WR,76,218,4.5,35.5,18,120,7,4.15,0,0,0,0,0,0,0,0,0,0,0,0,Detroit Lions / 3rd / 96th pick / 2017,Northern Illinois
Anthony Walker Jr.,ILB,73,238,4.65,30.5,23,116,7.23,4.34,0,0,0,0,0,0,0,0,0,0,0,0,Indianapolis Colts / 5th / 161st pick / 2017,Northwestern
Ifeadi Odenigbo,DE,75,258,4.72,31.5,25,128,7.26,4.4,0,0,0,0,0,0,0,0,0,0,0,0,Minnesota Vikings / 7th / 220th pick / 2017,Northwestern
Godwin Igwebuike,S,72,205,4.44,35.5,19,128,6.56,4.12,0,0,0,0,0,0,0,0,0,0,0,0,300,Northwestern
Justin Jackson,RB,72,199,4.52,38.5,13,122,6.81,4.07,0,0,0,0,0,0,0,0,0,0,0,0,Los Angeles Chargers / 7th / 251st pick / 2018,Northwestern
DeShone Kizer,QB,76,233,4.83,30.5,,107,7.4,4.53,0,0,0,0,0,0,0,0,0,0,0,0,Cleveland Browns / 2nd / 52nd pick / 2017,Notre Dame
Isaac Rochell,DE,76,280,4.89,31.5,25,114,,,0,0,0,0,0,0,0,0,0,0,0,0,Los Angeles Chargers / 7th / 225th pick / 2017,Notre Dame
Jarron Jones,DT,78,316,5.33,20.5,22,,,,0,0,0,0,0,0,0,0,0,0,0,0,300,Notre Dame
Josh Adams,RB,74,213,,,18,,,,0,0,0,0,0,0,0,0,0,0,0,0,300,Notre Dame
Equanimeous St. brown,WR,77,214,4.48,,20,,,,0,0,0,0,0,0,0,0,0,0,0,0,Green Bay Packers / 6th / 207th pick / 2018,Notre Dame
Quenton Nelson,OG,77,325,,26.5,35,105,7.65,4.62,0,0,0,0,0,0,0,0,0,0,0,0,Indianapolis Colts / 1st / 6th pick / 2018,Notre Dame
Durham Smythe,TE,77,253,4.81,31,18,110,7.17,4.23,0,0,0,0,0,0,0,0,0,0,0,0,Miami Dolphins / 4th / 123rd pick / 2018,Notre Dame
Mike McGlinchey,OT,80,309,,28.5,24,105,,,0,0,0,0,0,0,0,0,0,0,0,0,San Francisco 49ers / 1st / 9th pick / 2018,Notre Dame
Blair Brown,ILB,71,238,4.65,37,,124,6.92,4.18,0,0,0,0,0,0,0,0,0,0,0,0,Jacksonville Jaguars / 5th / 148th pick / 2017,Ohio
Tarell Basham,DE,76,269,4.7,31.5,15,119,7.27,4.35,0,0,0,0,0,0,0,0,0,0,0,0,Indianapolis Colts / 3rd / 80th pick / 2017,Ohio
Gareon Conley,CB,72,195,4.44,37,11,129,6.68,4.18,0,0,0,0,0,0,0,0,0,0,0,0,Oakland Raiders / 1st / 24th pick / 2017,Ohio State
Marshon Lattimore,CB,72,193,4.36,38.5,,132,,,0,0,0,0,0,0,0,0,0,0,0,0,New Orleans Saints / 1st / 11th pick / 2017,Ohio State
Cameron Johnston,P,71,194,4.92,,,,,,0,0,0,0,0,0,0,0,0,0,0,0,300,Ohio State
Curtis Samuel,WR,71,196,4.31,37,18,119,7.09,4.33,0,0,0,0,0,0,0,0,0,0,0,0,Carolina Panthers / 2nd / 40th pick / 2017,Ohio State
Malik Hooker,S,73,206,,,,,,,0,0,0,0,0,0,0,0,0,0,0,0,Indianapolis Colts / 1st / 15th pick / 2017,Ohio State
Noah Brown,WR,74,222,,,19,,7.07,4.33,0,0,0,0,0,0,0,0,0,0,0,0,Dallas Cowboys / 7th / 239th pick / 2017,Ohio State
Raekwon McMillan,ILB,74,240,4.61,33,23,121,7.15,4.39,0,0,0,0,0,0,0,0,0,0,0,0,Miami Dolphins / 2nd / 54th pick / 2017,Ohio State
Pat Elflein,C,75,303,5.32,23.5,22,99,7.94,4.71,0,0,0,0,0,0,0,0,0,0,0,0,Minnesota Vikings / 3rd / 70th pick / 2017,Ohio State
Denzel Ward,CB,70,183,4.32,39,16,136,,,0,0,0,0,0,0,0,0,0,0,0,0,Cleveland Browns / 1st / 4th pick / 2018,Ohio State
Damon Webb,S,71,195,4.62,,17,,,,0,0,0,0,0,0,0,0,0,0,0,0,300,Ohio State
Jerome Baker,OLB,73,229,4.53,36.5,22,126,,,0,0,0,0,0,0,0,0,0,0,0,0,Miami Dolphins / 3rd / 73rd pick / 2018,Ohio State
J.T. Barrett,QB,73,224,4.7,30,,108,7.38,4.44,0,0,0,0,0,0,0,0,0,0,0,0,300,Ohio State
Chris Worley,ILB,74,238,4.86,29.5,15,,,,0,0,0,0,0,0,0,0,0,0,0,0,300,Ohio State
Marcus Baugh,TE,75,247,4.81,33,,117,7.28,4.51,0,0,0,0,0,0,0,0,0,0,0,0,300,Ohio State
Tyquan Lewis,EDGE,75,265,,35.5,,122,,,0,0,0,0,0,0,0,0,0,0,0,0,Indianapolis Colts / 2nd / 64th pick / 2018,Ohio State
Jamarco Jones,OT,76,299,5.5,24,,102,8.32,4.99,0,0,0,0,0,0,0,0,0,0,0,0,Seattle Seahawks / 5th / 168th pick / 2018,Ohio State
Billy Price,C,76,305,,,,,,,0,0,0,0,0,0,0,0,0,0,0,0,Cincinnati Bengals / 1st / 21st pick / 2018,Ohio State
Jalyn Holmes,DE,77,283,4.82,32,25,,,,0,0,0,0,0,0,0,0,0,0,0,0,Minnesota Vikings / 4th / 102nd pick / 2018,Ohio State
Sam Hubbard,DE,77,270,,35,,116,6.84,4.32,0,0,0,0,0,0,0,0,0,0,0,0,Cincinnati Bengals / 3rd / 77th pick / 2018,Ohio State
Dede Westbrook,WR,72,178,,,,,,,0,0,0,0,0,0,0,0,0,0,0,0,Jacksonville Jaguars / 4th / 110th pick / 2017,Oklahoma
Samaje Perine,RB,71,233,4.65,33,30,116,7.26,4.37,0,0,0,0,0,0,0,0,0,0,0,0,Washington Redskins / 4th / 114th pick / 2017,Oklahoma
Charles Walker,DT,74,310,4.96,28,25,107,7.89,4.96,0,0,0,0,0,0,0,0,0,0,0,0,300,Oklahoma
Jordan Thomas,CB,72,186,4.64,38,4,124,6.28,3.94,0,0,0,0,0,0,0,0,0,0,0,0,300,Oklahoma
Baker Mayfield,QB,73,215,4.84,29,,111,7,4.28,0,0,0,0,0,0,0,0,0,0,0,0,Cleveland Browns / 1st / 1st pick / 2018,Oklahoma
Ogbonnia Okoronkwo,EDGE,73,253,4.77,38,27,121,,,0,0,0,0,0,0,0,0,0,0,0,0,Los Angeles Rams / 5th / 160th pick / 2018,Oklahoma
Dimitri Flowers,RB,74,248,4.83,30.5,17,109,7.45,4.53,0,0,0,0,0,0,0,0,0,0,0,0,300,Oklahoma
Mark Andrews,TE,77,256,4.67,31,17,113,7.34,4.38,0,0,0,0,0,0,0,0,0,0,0,0,Baltimore Ravens / 3rd / 86th pick / 2018,Oklahoma
Orlando Brown,OT,80,345,5.85,19.5,14,82,7.87,5.38,0,0,0,0,0,0,0,0,0,0,0,0,Baltimore Ravens / 3rd / 83rd pick / 2018,Oklahoma
Chris Carson,RB,72,218,4.58,37,23,130,,,0,0,0,0,0,0,0,0,0,0,0,0,Seattle Seahawks / 7th / 249th pick / 2017,Oklahoma State
Ashton Lampkin,CB,72,189,4.52,34.5,19,120,,,0,0,0,0,0,0,0,0,0,0,0,0,300,Oklahoma State
Vincent Taylor,DT,75,304,5.07,28.5,26,108,7.58,4.72,0,0,0,0,0,0,0,0,0,0,0,0,Miami Dolphins / 6th / 194th pick / 2017,Oklahoma State
James Washington,WR,71,213,4.54,34.5,14,120,7.11,4.32,0,0,0,0,0,0,0,0,0,0,0,0,Pittsburgh Steelers / 2nd / 60th pick / 2018,Oklahoma State
Tre Flowers,S,75,200,4.45,34.5,18,122,,,0,0,0,0,0,0,0,0,0,0,0,0,Seattle Seahawks / 5th / 146th pick / 2018,Oklahoma State
Chris Lacy,WR,75,205,4.51,33.5,11,120,,,0,0,0,0,0,0,0,0,0,0,0,0,300,Oklahoma State
Marcell Ateman,WR,76,216,4.62,34,13,121,7.07,4.25,0,0,0,0,0,0,0,0,0,0,0,0,Oakland Raiders / 7th / 228th pick / 2018,Oklahoma State
Mason Rudolph,QB,77,235,4.9,26,,,,,0,0,0,0,0,0,0,0,0,0,0,0,Pittsburgh Steelers / 3rd / 76th pick / 2018,Oklahoma State
Zach Pascal,WR,74,219,4.55,36,14,126,7.11,4.29,0,0,0,0,0,0,0,0,0,0,0,0,300,Old Dominion
Olubunmi Rotimi,DE,76,273,,32,21,113,7.46,4.7,0,0,0,0,0,0,0,0,0,0,0,0,300,Old Dominion
Pharaoh Brown,TE,78,255,,34,24,,,,0,0,0,0,0,0,0,0,0,0,0,0,300,Oregon
Royce Freeman,RB,71,229,4.54,34,17,118,6.9,4.16,0,0,0,0,0,0,0,0,0,0,0,0,Denver Broncos / 3rd / 71st pick / 2018,Oregon
Tanner Carew,LS,73,243,5,30,18,111,7.26,4.28,0,0,0,0,0,0,0,0,0,0,0,0,300,Oregon
Tyrell Crosby,OT,77,309,5.23,30,17,105,7.89,4.77,0,0,0,0,0,0,0,0,0,0,0,0,Detroit Lions / 5th / 153rd pick / 2018,Oregon
Victor Bolden Jr.,WR,68,178,4.54,32,9,117,6.83,4.22,0,0,0,0,0,0,0,0,0,0,0,0,300,Oregon State
Treston DeCoud,CB,74,206,4.62,31,11,116,,,0,0,0,0,0,0,0,0,0,0,0,0,Houston Texans / 5th / 169th pick / 2017,Oregon State
Sean Harlow,OG,76,303,5.15,30.5,26,105,8.16,4.81,0,0,0,0,0,0,0,0,0,0,0,0,Atlanta Falcons / 4th / 136th pick / 2017,Oregon State
Ryan Nall,RB,74,232,4.58,33,15,122,6.95,4.16,0,0,0,0,0,0,0,0,0,0,0,0,300,Oregon State
Chris Godwin,WR,73,209,4.42,36,19,126,7.01,4,0,0,0,0,0,0,0,0,0,0,0,0,Tampa Bay Buccaneers / 3rd / 84th pick / 2017,Penn State
Garrett Sickels,DE,75,261,4.9,28,20,105,7.21,4.41,0,0,0,0,0,0,0,0,0,0,0,0,300,Penn State
Saquon Barkley,RB,72,233,4.4,41,29,,,4.24,0,0,0,0,0,0,0,0,0,0,0,0,New York Giants / 1st / 2nd pick / 2018,Penn State
Grant Haley,CB,69,190,4.44,34,15,119,6.51,3.94,0,0,0,0,0,0,0,0,0,0,0,0,300,Penn State
Jason Cabinda,ILB,73,239,,,19,,,,0,0,0,0,0,0,0,0,0,0,0,0,300,Penn State
Chris Campbell,CB,73,194,,,14,,,,0,0,0,0,0,0,0,0,0,0,0,0,300,Penn State
Daesean Hamilton,WR,73,203,,34.5,,118,6.84,4.15,0,0,0,0,0,0,0,0,0,0,0,0,Denver Broncos / 4th / 113th pick / 2018,Penn State
Marcus Allen,S,74,202,,37,15,127,,4.32,0,0,0,0,0,0,0,0,0,0,0,0,Pittsburgh Steelers / 5th / 148th pick / 2018,Penn State
Troy Apke,S,74,198,4.34,41,16,131,6.56,4.03,0,0,0,0,0,0,0,0,0,0,0,0,Washington Redskins / 4th / 109th pick / 2018,Penn State
Mike Gesicki,TE,77,247,4.54,41.5,22,129,6.76,4.1,0,0,0,0,0,0,0,0,0,0,0,0,Miami Dolphins / 2nd / 42nd pick / 2018,Penn State
Ejuan Price,OLB,71,241,4.84,31.5,20,117,,4.34,0,0,0,0,0,0,0,0,0,0,0,0,Los Angeles Rams / 7th / 234th pick / 2017,Pittsburgh
James Conner,RB,73,233,4.65,29,20,113,,,0,0,0,0,0,0,0,0,0,0,0,0,Pittsburgh Steelers / 3rd / 105th pick / 2017,Pittsburgh
Nathan Peterman,QB,74,226,4.82,31,,110,7.14,4.31,0,0,0,0,0,0,0,0,0,0,0,0,Buffalo Bills / 5th / 171st pick / 2017,Pittsburgh
Dorian Johnson,OG,77,300,5.27,30,21,114,8.39,5.09,0,0,0,0,0,0,0,0,0,0,0,0,Arizona Cardinals / 4th / 115th pick / 2017,Pittsburgh
Scott Orndoff,TE,77,253,4.84,27,17,112,7.37,4.45,0,0,0,0,0,0,0,0,0,0,0,0,300,Pittsburgh
Adam Bisnowaty,OT,78,304,5.23,29.5,23,96,8.02,4.94,0,0,0,0,0,0,0,0,0,0,0,0,New York Giants / 6th / 200th pick / 2017,Pittsburgh
Quadree Henderson,WR,68,192,4.5,32.5,12,120,6.89,4.28,0,0,0,0,0,0,0,0,0,0,0,0,300,Pittsburgh
Avonte Maddox,CB,69,180,4.39,37,13,125,6.51,4,0,0,0,0,0,0,0,0,0,0,0,0,Philadelphia Eagles / 4th / 125th pick / 2018,Pittsburgh
Jordan Whitehead,S,71,195,,,21,,,,0,0,0,0,0,0,0,0,0,0,0,0,Tampa Bay Buccaneers / 4th / 117th pick / 2018,Pittsburgh
Jester Weah,WR,74,211,4.43,38,15,129,7.24,4.41,0,0,0,0,0,0,0,0,0,0,0,0,300,Pittsburgh
Ryan Winslow,P,77,217,,,,,,,0,0,0,0,0,0,0,0,0,0,0,0,300,Pittsburgh
Jaryd Jones-Smith,OT,78,317,5.22,27,16,109,8.1,4.94,0,0,0,0,0,0,0,0,0,0,0,0,300,Pittsburgh
Brian O'neill,OT,79,297,4.82,29.5,22,107,7.14,4.5,0,0,0,0,0,0,0,0,0,0,0,0,Minnesota Vikings / 2nd / 62nd pick / 2018,Pittsburgh
Eddy Wilson,DT,76,301,5.37,,26,96,,,0,0,0,0,0,0,0,0,0,0,0,0,300,Purdue
Kyle Lauletta,QB,75,222,4.81,31,,113,6.95,4.07,0,0,0,0,0,0,0,0,0,0,0,0,New York Giants / 4th / 108th pick / 2018,Richmond
Kemoko Turay,EDGE,77,253,4.65,,,,,,0,0,0,0,0,0,0,0,0,0,0,0,Indianapolis Colts / 2nd / 52nd pick / 2018,Rutgers
Donnel Pumphrey,RB,68,176,4.48,33.5,5,117,,,0,0,0,0,0,0,0,0,0,0,0,0,Philadelphia Eagles / 4th / 132nd pick / 2017,San Diego State
Damontae Kazee,CB,70,184,4.54,34,11,124,,,0,0,0,0,0,0,0,0,0,0,0,0,Atlanta Falcons / 5th / 149th pick / 2017,San Diego State
Nico Siragusa,OG,76,319,5.35,32,28,110,7.71,4.56,0,0,0,0,0,0,0,0,0,0,0,0,Baltimore Ravens / 4th / 122nd pick / 2017,San Diego State
Daniel Brunskill,OT,77,273,,28,17,106,7.9,4.84,0,0,0,0,0,0,0,0,0,0,0,0,300,San Diego State
Rashaad Penny,RB,71,220,4.46,32.5,13,120,,,0,0,0,0,0,0,0,0,0,0,0,0,Seattle Seahawks / 1st / 27th pick / 2018,San Diego State
Nick Bawden,FB,74,245,,,,,,,0,0,0,0,0,0,0,0,0,0,0,0,Detroit Lions / 7th / 237th pick / 2018,San Diego State
Kameron Kelly,S,74,200,4.66,33,9,120,6.94,4.28,0,0,0,0,0,0,0,0,0,0,0,0,300,San Diego State
David Wells,TE,78,256,4.75,33,20,116,7.5,4.59,0,0,0,0,0,0,0,0,0,0,0,0,300,San Diego State
Andre Chachere,CB,72,200,4.49,38,13,123,6.78,4.07,0,0,0,0,0,0,0,0,0,0,0,0,300,San Jose State
Billy Brown,TE,75,254,4.7,29,23,118,,,0,0,0,0,0,0,0,0,0,0,0,0,300,Shepherd
Trey Quinn,WR,71,203,4.55,33.5,17,116,6.91,4.19,0,0,0,0,0,0,0,0,0,0,0,0,Washington Redskins / 7th / 256th pick / 2018,SMU
Courtland Sutton,WR,75,218,4.54,35.5,18,124,6.57,4.11,0,0,0,0,0,0,0,0,0,0,0,0,Denver Broncos / 2nd / 40th pick / 2018,SMU
Gerald Everett,TE,75,239,4.62,37.5,22,126,6.99,4.33,0,0,0,0,0,0,0,0,0,0,0,0,Los Angeles Rams / 2nd / 44th pick / 2017,South Alabama
Jamarcus King,CB,73,186,4.7,,,,,,0,0,0,0,0,0,0,0,0,0,0,0,300,South Carolina
Skai Moore,OLB,74,226,4.73,36,,117,,,0,0,0,0,0,0,0,0,0,0,0,0,300,South Carolina
Taylor Stallworth,DT,74,312,5.28,23.5,18,101,7.95,4.75,0,0,0,0,0,0,0,0,0,0,0,0,300,South Carolina
Hayden Hurst,TE,76,250,4.67,31.5,,120,7.19,4.37,0,0,0,0,0,0,0,0,0,0,0,0,Baltimore Ravens / 1st / 25th pick / 2018,South Carolina
Javarius Leamon,OT,79,332,,23.5,22,,,,0,0,0,0,0,0,0,0,0,0,0,0,300,South Carolina State
Darius Leonard,OLB,74,234,4.7,,17,,,,0,0,0,0,0,0,0,0,0,0,0,0,Indianapolis Colts / 2nd / 36th pick / 2018,South Carolina State
Jake Wieneke,WR,76,221,4.67,34,9,114,7.24,4.37,0,0,0,0,0,0,0,0,0,0,0,0,300,South Dakota State
Dallas Goedert,TE,77,256,,,23,,,,0,0,0,0,0,0,0,0,0,0,0,0,Philadelphia Eagles / 2nd / 49th pick / 2018,South Dakota State
Marlon Mack,RB,71,213,4.5,35.5,15,125,,,0,0,0,0,0,0,0,0,0,0,0,0,Indianapolis Colts / 4th / 143rd pick / 2017,South Florida
Rodney Adams,WR,73,189,4.44,29.5,8,125,6.98,4.28,0,0,0,0,0,0,0,0,0,0,0,0,Minnesota Vikings / 5th / 170th pick / 2017,South Florida
Deadrin Senat,DT,72,314,5.16,26,35,100,7.77,4.79,0,0,0,0,0,0,0,0,0,0,0,0,Atlanta Falcons / 3rd / 90th pick / 2018,South Florida
Quinton Flowers,QB,70,214,4.63,,,112,6.81,4.57,0,0,0,0,0,0,0,0,0,0,0,0,300,South Florida
Marquez Valdes-Scantling,WR,76,206,4.37,30.5,15,124,,,0,0,0,0,0,0,0,0,0,0,0,0,Green Bay Packers / 5th / 174th pick / 2018,South Florida
Danny Johnson,CB,70,185,4.44,35,15,123,,,0,0,0,0,0,0,0,0,0,0,0,0,300,Southern
Korey Robertson,WR,73,212,4.56,34,13,123,,,0,0,0,0,0,0,0,0,0,0,0,0,300,Southern Miss
Michael Rector,WR,72,193,4.42,36.5,,129,6.77,4.19,0,0,0,0,0,0,0,0,0,0,0,0,300,Stanford
Conrad Ukropina,K,72,190,,,,,,,0,0,0,0,0,0,0,0,0,0,0,0,300,Stanford
Christian McCaffrey,RB,71,202,4.48,37.5,10,121,6.57,4.22,0,0,0,0,0,0,0,0,0,0,0,0,Carolina Panthers / 1st / 8th pick / 2017,Stanford
Solomon Thomas,DE,75,273,4.69,35,30,126,6.95,4.28,0,0,0,0,0,0,0,0,0,0,0,0,San Francisco 49ers / 1st / 3rd pick / 2017,Stanford
Justin Reid,S,73,204,4.4,36.5,16,128,6.65,4.15,0,0,0,0,0,0,0,0,0,0,0,0,Houston Texans / 3rd / 68th pick / 2018,Stanford
Quenton Meeks,DB,74,205,,39,11,128,6.72,4.23,0,0,0,0,0,0,0,0,0,0,0,0,300,Stanford
Peter Kalambayi,EDGE,75,252,4.57,34,19,121,7.13,4.36,0,0,0,0,0,0,0,0,0,0,0,0,Houston Texans / 6th / 214th pick / 2018,Stanford
Harrison Phillips,DT,76,307,5.21,32,42,103,7.28,4.5,0,0,0,0,0,0,0,0,0,0,0,0,Buffalo Bills / 3rd / 96th pick / 2018,Stanford
David Bright,OT,77,307,,,,,,,0,0,0,0,0,0,0,0,0,0,0,0,300,Stanford
Dalton Schultz,TE,77,244,4.75,32,15,120,7,4.4,0,0,0,0,0,0,0,0,0,0,0,0,Dallas Cowboys / 4th / 137th pick / 2018,Stanford
John Franklin-Myers,DE,76,283,4.75,33,26,113,7.36,4.48,0,0,0,0,0,0,0,0,0,0,0,0,Los Angeles Rams / 4th / 135th pick / 2018,Stephen F. Austin
Timon Parris,OT,78,312,,,27,,,,0,0,0,0,0,0,0,0,0,0,0,0,300,Stony Brook
Amba Etta-Tawo,WR,73,208,4.49,31,14,126,6.95,4.32,0,0,0,0,0,0,0,0,0,0,0,0,300,Syracuse
Josh Carraway,DE,75,242,4.74,29.5,25,120,7.2,4.44,0,0,0,0,0,0,0,0,0,0,0,0,Tennessee Titans / 7th / 227th pick / 2017,TCU
Aviante Collins,OG,76,295,4.81,,34,,,,0,0,0,0,0,0,0,0,0,0,0,0,300,TCU
Kyle Hicks,RB,70,204,4.63,36.5,13,122,,,0,0,0,0,0,0,0,0,0,0,0,0,300,TCU
Joseph Noteboom,OT,77,309,4.96,24,27,102,7.65,4.44,0,0,0,0,0,0,0,0,0,0,0,0,Los Angeles Rams / 3rd / 89th pick / 2018,TCU
Nate Hairston,CB,72,196,4.52,35.5,14,118,,,0,0,0,0,0,0,0,0,0,0,0,0,Indianapolis Colts / 5th / 158th pick / 2017,Temple
Jahad Thomas,RB,70,190,4.62,32,11,116,,,0,0,0,0,0,0,0,0,0,0,0,0,300,Temple
Haason Reddick,OLB,73,237,4.52,36.5,24,133,7.01,4.37,0,0,0,0,0,0,0,0,0,0,0,0,Arizona Cardinals / 1st / 13th pick / 2017,Temple
Dion Dawkins,OG,76,314,5.11,26,26,106,7.3,4.78,0,0,0,0,0,0,0,0,0,0,0,0,Buffalo Bills / 2nd / 63rd pick / 2017,Temple
Sean Chandler,S,72,190,4.65,34.5,16,119,,4.62,0,0,0,0,0,0,0,0,0,0,0,0,300,Temple
Keionta Davis,DE,75,271,,,,,,,0,0,0,0,0,0,0,0,0,0,0,0,300,Tenn-Chattanooga
Corey Levin,OG,76,307,5.16,26.5,26,106,7.55,4.73,0,0,0,0,0,0,0,0,0,0,0,0,Tennessee Titans / 6th / 217th pick / 2017,Tenn-Chattanooga
Jalen Reeves-Maybin,OLB,72,230,,,,,,,0,0,0,0,0,0,0,0,0,0,0,0,Detroit Lions / 4th / 124th pick / 2017,Tennessee
Alvin Kamara,RB,70,214,4.56,39.5,15,131,,,0,0,0,0,0,0,0,0,0,0,0,0,New Orleans Saints / 3rd / 67th pick / 2017,Tennessee
Cameron Sutton,CB,71,188,4.52,34,11,120,6.81,,0,0,0,0,0,0,0,0,0,0,0,0,Pittsburgh Steelers / 3rd / 94th pick / 2017,Tennessee
Derek Barnett,DE,75,259,4.88,31,,117,6.96,4.44,0,0,0,0,0,0,0,0,0,0,0,0,Philadelphia Eagles / 1st / 14th pick / 2017,Tennessee
Joshua Dobbs,QB,75,216,4.64,33,,122,6.75,4.31,0,0,0,0,0,0,0,0,0,0,0,0,Pittsburgh Steelers / 4th / 135th pick / 2017,Tennessee
Josh Malone,WR,75,208,4.4,30.5,10,121,7.05,4.19,0,0,0,0,0,0,0,0,0,0,0,0,Cincinnati Bengals / 4th / 128th pick / 2017,Tennessee
John Kelly,RB,70,216,,35,15,120,7.13,4.51,0,0,0,0,0,0,0,0,0,0,0,0,Los Angeles Rams / 6th / 176th pick / 2018,Tennessee
Trevor Daniel,P,73,230,4.98,32.5,23,119,,,0,0,0,0,0,0,0,0,0,0,0,0,300,Tennessee
Rashaan Gaulden,CB,73,193,4.61,30,8,119,7.16,4.33,0,0,0,0,0,0,0,0,0,0,0,0,Carolina Panthers / 3rd / 85th pick / 2018,Tennessee
Kahlil McKenzie,DT,77,314,5.15,29.5,26,105,7.94,4.68,0,0,0,0,0,0,0,0,0,0,0,0,Kansas City Chiefs / 6th / 198th pick / 2018,Tennessee
Ezra Robinson,CB,71,189,4.47,34,13,130,,,0,0,0,0,0,0,0,0,0,0,0,0,300,Tennessee State
Jessamen Dunker,OG,76,318,4.98,28.5,23,108,,,0,0,0,0,0,0,0,0,0,0,0,0,300,Tennessee State
D'Onta Foreman,RB,72,233,,,18,,,,0,0,0,0,0,0,0,0,0,0,0,0,Houston Texans / 3rd / 89th pick / 2017,Texas
Michael Dickson,P,74,208,,,,,,,0,0,0,0,0,0,0,0,0,0,0,0,Seattle Seahawks / 5th / 149th pick / 2018,Texas
Deshon Elliott,S,74,205,4.58,36,15,121,,,0,0,0,0,0,0,0,0,0,0,0,0,Baltimore Ravens / 6th / 190th pick / 2018,Texas
Chris Warren,RB,74,247,4.69,33,25,121,6.98,4.18,0,0,0,0,0,0,0,0,0,0,0,0,300,Texas
Holton Hill,CB,75,200,4.49,31,14,120,6.83,4.15,0,0,0,0,0,0,0,0,0,0,0,0,300,Texas
Malik Jefferson,OLB,75,236,4.52,36,27,125,,,0,0,0,0,0,0,0,0,0,0,0,0,Cincinnati Bengals / 3rd / 78th pick / 2018,Texas
Connor Williams,OT,77,296,5.05,34,26,112,7.83,4.63,0,0,0,0,0,0,0,0,0,0,0,0,Dallas Cowboys / 2nd / 50th pick / 2018,Texas
Justin Evans,S,72,199,,,14,,,,0,0,0,0,0,0,0,0,0,0,0,0,Tampa Bay Buccaneers / 2nd / 50th pick / 2017,Texas A&M
Speedy Noil,WR,71,199,,43.5,18,133,,,0,0,0,0,0,0,0,0,0,0,0,0,300,Texas A&M
Trevor Knight,QB,73,219,4.54,35.5,,125,7.04,4.14,0,0,0,0,0,0,0,0,0,0,0,0,300,Texas A&M
Avery Gennesy,OG,75,318,5.35,20,24,91,8.08,5,0,0,0,0,0,0,0,0,0,0,0,0,300,Texas A&M
Josh Reynolds,WR,75,194,4.52,37,,124,6.83,4.13,0,0,0,0,0,0,0,0,0,0,0,0,Los Angeles Rams / 4th / 117th pick / 2017,Texas A&M
Jermaine Eluemunor,OG,76,332,5.22,,34,,,,0,0,0,0,0,0,0,0,0,0,0,0,Baltimore Ravens / 5th / 159th pick / 2017,Texas A&M
Myles Garrett,DE,76,272,4.64,41,33,128,,,0,0,0,0,0,0,0,0,0,0,0,0,Cleveland Browns / 1st / 1st pick / 2017,Texas A&M
Daeshon Hall,DE,77,266,4.76,36,18,123,7.03,4.38,0,0,0,0,0,0,0,0,0,0,0,0,Carolina Panthers / 3rd / 77th pick / 2017,Texas A&M
Ricky Seals-Jones,WR,77,243,4.69,28,17,121,7.46,4.33,0,0,0,0,0,0,0,0,0,0,0,0,300,Texas A&M
Zaycoven Henderson,DT,72,298,5.16,29.5,20,105,7.33,4.58,0,0,0,0,0,0,0,0,0,0,0,0,300,Texas A&M
Christian Kirk,WR,70,201,4.47,35.5,20,115,7.09,4.45,0,0,0,0,0,0,0,0,0,0,0,0,Arizona Cardinals / 2nd / 47th pick / 2018,Texas A&M
Armani Watts,S,71,205,,35,13,120,7.25,4.37,0,0,0,0,0,0,0,0,0,0,0,0,Kansas City Chiefs / 4th / 124th pick / 2018,Texas A&M
Shane Tripucka,P,75,211,,,,,,,0,0,0,0,0,0,0,0,0,0,0,0,300,Texas A&M
Patrick Mahomes,QB,74,225,4.8,30,,114,6.88,4.08,0,0,0,0,0,0,0,0,0,0,0,0,Kansas City Chiefs / 1st / 10th pick / 2017,Texas Tech
Keke Coutee,WR,70,181,4.43,34.5,14,113,6.93,4.15,0,0,0,0,0,0,0,0,0,0,0,0,Houston Texans / 4th / 103rd pick / 2018,Texas Tech
Dylan Cantrell,WR,75,226,4.59,38.5,18,130,6.56,4.03,0,0,0,0,0,0,0,0,0,0,0,0,Los Angeles Chargers / 6th / 191st pick / 2018,Texas Tech
Nic Shimonek,QB,75,220,4.88,28.5,,101,7.28,4.32,0,0,0,0,0,0,0,0,0,0,0,0,300,Texas Tech
Aaron Jones,RB,69,208,4.56,37.5,16,127,6.82,4.2,0,0,0,0,0,0,0,0,0,0,0,0,Green Bay Packers / 5th / 182nd pick / 2017,Texas-El Paso
Hayden Plinke,TE,76,264,4.97,28,18,109,7.55,4.59,0,0,0,0,0,0,0,0,0,0,0,0,300,Texas-El Paso
Will Hernandez,OG,74,327,5.15,24,37,104,7.59,4.7,0,0,0,0,0,0,0,0,0,0,0,0,New York Giants / 2nd / 34th pick / 2018,Texas-El Paso
Marcus Davenport,DE,78,264,4.58,33.5,22,124,7.2,4.41,0,0,0,0,0,0,0,0,0,0,0,0,New Orleans Saints / 1st / 14th pick / 2018,Texas-San Antonio
Kareem Hunt,RB,70,216,4.62,36.5,18,119,,,0,0,0,0,0,0,0,0,0,0,0,0,Kansas City Chiefs / 3rd / 86th pick / 2017,Toledo
Treyvon Hester,DT,74,300,,,,,,,0,0,0,0,0,0,0,0,0,0,0,0,Oakland Raiders / 7th / 244th pick / 2017,Toledo
Michael Roberts,TE,76,270,4.86,30,,110,7.05,4.51,0,0,0,0,0,0,0,0,0,0,0,0,Detroit Lions / 4th / 127th pick / 2017,Toledo
Logan Woodside,QB,73,213,4.79,31.5,,103,6.94,4.15,0,0,0,0,0,0,0,0,0,0,0,0,Cincinnati Bengals / 7th / 249th pick / 2018,Toledo
Ola Adeniyi,EDGE,74,248,4.83,31.5,26,,7.21,4.28,0,0,0,0,0,0,0,0,0,0,0,0,300,Toledo
John Johnson,S,73,205,4.61,37,14,119,6.72,4.18,0,0,0,0,0,0,0,0,0,0,0,0,Los Angeles Rams / 3rd / 91st pick / 2017,Troy
Antonio Garcia,OT,78,302,5.15,31,24,108,7.98,4.94,0,0,0,0,0,0,0,0,0,0,0,0,New England Patriots / 3rd / 85th pick / 2017,Troy
Tanzel Smart,DT,73,296,5.24,27,22,105,7.53,4.57,0,0,0,0,0,0,0,0,0,0,0,0,Los Angeles Rams / 6th / 189th pick / 2017,Tulane
Parry Nickerson,CB,72,180,4.32,,15,,,,0,0,0,0,0,0,0,0,0,0,0,0,New York Jets / 6th / 179th pick / 2018,Tulane
Ade Aruna,DE,78,262,4.6,38.5,18,128,7.53,4.48,0,0,0,0,0,0,0,0,0,0,0,0,Minnesota Vikings / 6th / 218th pick / 2018,Tulane
Keevan Lucas,WR,69,192,4.55,32.5,11,119,7.23,4.43,0,0,0,0,0,0,0,0,0,0,0,0,300,Tulsa
Jayon Brown,ILB,72,231,4.7,31.5,17,120,,,0,0,0,0,0,0,0,0,0,0,0,0,Tennessee Titans / 5th / 155th pick / 2017,UCLA
Fabian Moreau,CB,72,206,4.35,38,,136,6.94,4.12,0,0,0,0,0,0,0,0,0,0,0,0,Washington Redskins / 3rd / 81st pick / 2017,UCLA
Takkarist McKinley,OLB,74,250,4.59,33,24,122,7.48,4.62,0,0,0,0,0,0,0,0,0,0,0,0,Atlanta Falcons / 1st / 26th pick / 2017,UCLA
Eddie Vanderdoes,DT,75,305,4.99,28.5,28,111,7.69,4.39,0,0,0,0,0,0,0,0,0,0,0,0,Oakland Raiders / 3rd / 88th pick / 2017,UCLA
Conor McDermott,OT,80,307,5.18,28.5,,105,7.52,4.58,0,0,0,0,0,0,0,0,0,0,0,0,New England Patriots / 6th / 211th pick / 2017,UCLA
Jordan Lasley,WR,73,203,4.5,34.5,8,112,,4.19,0,0,0,0,0,0,0,0,0,0,0,0,Baltimore Ravens / 5th / 162nd pick / 2018,UCLA
Kenny Young,ILB,73,236,4.6,36,23,117,7.38,4.48,0,0,0,0,0,0,0,0,0,0,0,0,Baltimore Ravens / 4th / 122nd pick / 2018,UCLA
Matt Dickerson,DE,76,292,5.06,31,26,,,,0,0,0,0,0,0,0,0,0,0,0,0,300,UCLA
Scott Quessenberry,C,76,310,5.09,33.5,25,111,7.5,4.69,0,0,0,0,0,0,0,0,0,0,0,0,Los Angeles Chargers / 5th / 155th pick / 2018,UCLA
Josh Rosen,QB,76,226,4.92,31,,111,7.09,4.28,0,0,0,0,0,0,0,0,0,0,0,0,Arizona Cardinals / 1st / 10th pick / 2018,UCLA
Kolton Miller,OT,81,309,4.95,31.5,24,121,7.34,4.49,0,0,0,0,0,0,0,0,0,0,0,0,Oakland Raiders / 1st / 15th pick / 2018,UCLA
Adoree Jackson,CB,70,186,4.42,36,,122,,,0,0,0,0,0,0,0,0,0,0,0,0,Tennessee Titans / 1st / 18th pick / 2017,USC
Justin Davis,RB,73,208,,,21,,,,0,0,0,0,0,0,0,0,0,0,0,0,300,USC
Darreus Rogers,WR,73,216,,26.5,8,112,7.22,4.54,0,0,0,0,0,0,0,0,0,0,0,0,300,USC
JuJu Smith-Schuster,WR,73,215,4.54,32.5,15,120,,,0,0,0,0,0,0,0,0,0,0,0,0,Pittsburgh Steelers / 2nd / 62nd pick / 2017,USC
Stevie Tu'Ikolovatu,DT,73,331,5.45,24.5,28,91,7.83,5,0,0,0,0,0,0,0,0,0,0,0,0,Tampa Bay Buccaneers / 7th / 223rd pick / 2017,USC
Damien Mama,OG,75,334,5.84,24.5,,96,8.51,5.38,0,0,0,0,0,0,0,0,0,0,0,0,300,USC
Chad Wheeler,OT,79,306,5.48,20.5,15,105,,5.01,0,0,0,0,0,0,0,0,0,0,0,0,300,USC
Zach Banner,OG,80,353,5.58,23.5,22,92,8.31,5.21,0,0,0,0,0,0,0,0,0,0,0,0,Indianapolis Colts / 4th / 137th pick / 2017,USC
Deontay Burnett,WR,72,186,,,,,,,0,0,0,0,0,0,0,0,0,0,0,0,300,USC
Steven Mitchell,WR,70,189,4.56,32.5,13,121,6.75,4.4,0,0,0,0,0,0,0,0,0,0,0,0,300,USC
Ronald Jones,RB,71,205,4.65,36.5,,,,,0,0,0,0,0,0,0,0,0,0,0,0,Tampa Bay Buccaneers / 2nd / 38th pick / 2018,USC
Sam Darnold,QB,75,221,4.85,26.5,,105,6.96,4.4,0,0,0,0,0,0,0,0,0,0,0,0,New York Jets / 1st / 3rd pick / 2018,USC
Uchenna Nwosu,EDGE,75,251,4.65,32,20,119,,,0,0,0,0,0,0,0,0,0,0,0,0,Los Angeles Chargers / 2nd / 48th pick / 2018,USC
Rasheem Green,DE,77,275,4.73,32.5,,118,7.24,4.39,0,0,0,0,0,0,0,0,0,0,0,0,Seattle Seahawks / 3rd / 79th pick / 2018,USC
Joe Williams,RB,71,210,4.41,35,14,125,7.19,4.19,0,0,0,0,0,0,0,0,0,0,0,0,San Francisco 49ers / 4th / 121st pick / 2017,Utah
Pita Taumoepenu,OLB,73,243,4.67,28.5,24,112,6.91,4.33,0,0,0,0,0,0,0,0,0,0,0,0,San Francisco 49ers / 6th / 202nd pick / 2017,Utah
Marcus Williams,S,73,202,4.56,43.5,14,129,6.85,4.2,0,0,0,0,0,0,0,0,0,0,0,0,New Orleans Saints / 2nd / 42nd pick / 2017,Utah
Brian Allen,CB,75,215,4.48,34.5,15,117,6.64,4.34,0,0,0,0,0,0,0,0,0,0,0,0,Pittsburgh Steelers / 5th / 173rd pick / 2017,Utah
Isaac Asiata,OG,75,323,5.34,25.5,35,102,7.83,4.93,0,0,0,0,0,0,0,0,0,0,0,0,Miami Dolphins / 5th / 164th pick / 2017,Utah
Garrett Bolles,OT,77,297,4.95,28,,115,7.29,4.55,0,0,0,0,0,0,0,0,0,0,0,0,Denver Broncos / 1st / 20th pick / 2017,Utah
J.J. Dielman,OT,77,309,,,27,,,,0,0,0,0,0,0,0,0,0,0,0,0,Cincinnati Bengals / 5th / 176th pick / 2017,Utah
Sam Tevi,OT,77,311,5.27,26,15,107,7.84,4.6,0,0,0,0,0,0,0,0,0,0,0,0,Los Angeles Chargers / 6th / 190th pick / 2017,Utah
Darren Carrington II,WR,74,199,,36,,120,,,0,0,0,0,0,0,0,0,0,0,0,0,300,Utah
Lowell Lotulelei,DT,74,315,,,28,,,,0,0,0,0,0,0,0,0,0,0,0,0,300,Utah
Kylie Fitts,EDGE,76,263,4.69,32.5,31,117,6.88,4.19,0,0,0,0,0,0,0,0,0,0,0,0,Chicago Bears / 6th / 181st pick / 2018,Utah
Salesi Uhatafe,OG,77,310,5.4,28,,109,7.7,4.9,0,0,0,0,0,0,0,0,0,0,0,0,300,Utah
Zach Cunningham,OLB,75,234,4.67,35,15,125,7.03,4.29,0,0,0,0,0,0,0,0,0,0,0,0,Houston Texans / 2nd / 57th pick / 2017,Vanderbilt
Will Holden,OT,79,311,5.47,28,23,111,7.71,4.72,0,0,0,0,0,0,0,0,0,0,0,0,Arizona Cardinals / 5th / 157th pick / 2017,Vanderbilt
Oren Burks,OLB,75,233,4.59,39.5,18,131,6.82,4.15,0,0,0,0,0,0,0,0,0,0,0,0,Green Bay Packers / 3rd / 88th pick / 2018,Vanderbilt
Tanoh Kpassagnon,DE,79,289,4.83,30,23,128,7.46,4.62,0,0,0,0,0,0,0,0,0,0,0,0,Kansas City Chiefs / 2nd / 59th pick / 2017,Villanova
Quin Blanding,S,74,215,4.63,31.5,,122,,,0,0,0,0,0,0,0,0,0,0,0,0,300,Virginia
Micah Kiser,ILB,74,238,4.66,35.5,,121,7.05,4.24,0,0,0,0,0,0,0,0,0,0,0,0,Los Angeles Rams / 5th / 147th pick / 2018,Virginia
Kurt Benkert,QB,75,218,4.95,31,16,112,7.15,4.33,0,0,0,0,0,0,0,0,0,0,0,0,300,Virginia
Andrew Brown,DE,76,296,5.03,28,31,101,7.51,4.48,0,0,0,0,0,0,0,0,0,0,0,0,Cincinnati Bengals / 5th / 158th pick / 2018,Virginia
Chuck Clark,S,72,208,4.54,34,16,122,6.85,4.07,0,0,0,0,0,0,0,0,0,0,0,0,Baltimore Ravens / 6th / 186th pick / 2017,Virginia Tech
Sam Rogers,FB,70,231,4.93,32,19,114,7.27,4.34,0,0,0,0,0,0,0,0,0,0,0,0,Los Angeles Rams / 6th / 206th pick / 2017,Virginia Tech
Isaiah Ford,WR,73,194,4.61,35.5,14,127,6.94,4.34,0,0,0,0,0,0,0,0,0,0,0,0,Miami Dolphins / 7th / 237th pick / 2017,Virginia Tech
Ken Ekanem,DE,75,257,4.88,30.5,,115,7.38,4.58,0,0,0,0,0,0,0,0,0,0,0,0,300,Virginia Tech
Jerod Evans,QB,75,232,4.8,26.5,,112,,4.41,0,0,0,0,0,0,0,0,0,0,0,0,300,Virginia Tech
Bucky Hodges,TE,78,257,4.57,39,18,134,,4.45,0,0,0,0,0,0,0,0,0,0,0,0,Minnesota Vikings / 6th / 201st pick / 2017,Virginia Tech
Cam Phillips,WR,72,201,,,,,,,0,0,0,0,0,0,0,0,0,0,0,0,300,Virginia Tech
Greg Stroman,CB,72,180,4.48,33.5,16,113,,4.45,0,0,0,0,0,0,0,0,0,0,0,0,Washington Redskins / 7th / 241st pick / 2018,Virginia Tech
Terrell Edmunds,S,74,220,4.47,41.5,,134,,,0,0,0,0,0,0,0,0,0,0,0,0,Pittsburgh Steelers / 1st / 28th pick / 2018,Virginia Tech
Brandon Facyson,CB,74,197,4.53,,16,,,,0,0,0,0,0,0,0,0,0,0,0,0,300,Virginia Tech
Tim Settle,DT,75,329,5.37,23.5,,96,7.95,4.83,0,0,0,0,0,0,0,0,0,0,0,0,Washington Redskins / 5th / 163rd pick / 2018,Virginia Tech
Wyatt Teller,OG,76,314,5.24,29,30,114,7.45,4.84,0,0,0,0,0,0,0,0,0,0,0,0,Buffalo Bills / 5th / 166th pick / 2018,Virginia Tech
Tremaine Edmunds,LB,77,253,4.54,,19,117,,,0,0,0,0,0,0,0,0,0,0,0,0,Buffalo Bills / 1st / 16th pick / 2018,Virginia Tech
Greg Senat,OT,78,302,5.38,26,19,106,7.41,4.71,0,0,0,0,0,0,0,0,0,0,0,0,Baltimore Ravens / 6th / 212th pick / 2018,Wagner
Marquel Lee,ILB,75,240,,31,25,118,,,0,0,0,0,0,0,0,0,0,0,0,0,Oakland Raiders / 5th / 168th pick / 2017,Wake Forest
Jessie Bates,S,74,195,4.5,35.5,,117,6.78,4.26,0,0,0,0,0,0,0,0,0,0,0,0,Cincinnati Bengals / 2nd / 54th pick / 2018,Wake Forest
Duke Ejiofor,DE,76,264,,,,,,,0,0,0,0,0,0,0,0,0,0,0,0,Houston Texans / 6th / 177th pick / 2018,Wake Forest
Sidney Jones,CB,72,186,4.47,33.5,,123,7.02,4.28,0,0,0,0,0,0,0,0,0,0,0,0,Philadelphia Eagles / 2nd / 43rd pick / 2017,Washington
Budda Baker,S,70,195,4.45,32.5,15,115,6.76,4.08,0,0,0,0,0,0,0,0,0,0,0,0,Arizona Cardinals / 2nd / 36th pick / 2017,Washington
John Ross,WR,71,188,4.22,37,,133,,,0,0,0,0,0,0,0,0,0,0,0,0,Cincinnati Bengals / 1st / 9th pick / 2017,Washington
Elijah Qualls,DT,73,313,5.13,31.5,33,105,7.65,4.66,0,0,0,0,0,0,0,0,0,0,0,0,Philadelphia Eagles / 6th / 214th pick / 2017,Washington
Joe Mathis,DE,74,266,,,24,,,,0,0,0,0,0,0,0,0,0,0,0,0,300,Washington
Darrell Daniels,TE,75,247,4.55,32,17,116,7.09,4.47,0,0,0,0,0,0,0,0,0,0,0,0,300,Washington
Kevin King,CB,75,200,4.43,39.5,11,,6.56,3.89,0,0,0,0,0,0,0,0,0,0,0,0,Green Bay Packers / 2nd / 33rd pick / 2017,Washington
Dante Pettis,WR,72,186,,,,,,,0,0,0,0,0,0,0,0,0,0,0,0,San Francisco 49ers / 2nd / 44th pick / 2018,Washington
Lavon Coleman,RB,71,215,4.65,33,23,120,,,0,0,0,0,0,0,0,0,0,0,0,0,300,Washington
Azeem Victor,ILB,73,240,4.72,32.5,19,115,7.2,4.4,0,0,0,0,0,0,0,0,0,0,0,0,Oakland Raiders / 6th / 216th pick / 2018,Washington
Keishawn Bierria,ILB,74,230,4.79,30.5,21,117,7.26,,0,0,0,0,0,0,0,0,0,0,0,0,Denver Broncos / 6th / 217th pick / 2018,Washington
Coleman Shelton,C,75,292,5.24,26.5,,110,7.62,4.59,0,0,0,0,0,0,0,0,0,0,0,0,300,Washington
Will Dissly,TE,76,262,4.87,28,15,111,7.07,4.4,0,0,0,0,0,0,0,0,0,0,0,0,Seattle Seahawks / 4th / 120th pick / 2018,Washington
Vita Vea,DT,76,347,5.1,,41,,,,0,0,0,0,0,0,0,0,0,0,0,0,Tampa Bay Buccaneers / 1st / 12th pick / 2018,Washington
Shalom Luani,S,71,202,4.55,31,12,116,6.87,4.21,0,0,0,0,0,0,0,0,0,0,0,0,Oakland Raiders / 7th / 221st pick / 2017,Washington State
Gabe Marks,WR,71,189,4.56,29.5,11,117,7.01,4.2,0,0,0,0,0,0,0,0,0,0,0,0,300,Washington State
Tavares Martin,WR,73,177,4.8,31.5,,,,,0,0,0,0,0,0,0,0,0,0,0,0,300,Washington State
Hercules Mata'afa,EDGE,73,254,4.76,31.5,26,108,7.24,4.37,0,0,0,0,0,0,0,0,0,0,0,0,300,Washington State
Luke Falk,QB,76,215,,26.5,,103,,,0,0,0,0,0,0,0,0,0,0,0,0,Tennessee Titans / 6th / 199th pick / 2018,Washington State
Cole Madison,OL,77,308,5.33,28.5,26,97,7.86,4.88,0,0,0,0,0,0,0,0,0,0,0,0,Green Bay Packers / 5th / 138th pick / 2018,Washington State
Nate Theaker,OG,77,315,5.41,27,23,105,7.97,4.89,0,0,0,0,0,0,0,0,0,0,0,0,300,Wayne State (MI)
Taron Johnson,CB,72,180,4.5,33,17,118,7.03,4.28,0,0,0,0,0,0,0,0,0,0,0,0,Buffalo Bills / 4th / 121st pick / 2018,Weber State
Dylan Donahue,OLB,75,248,4.75,29.5,26,116,7.02,4.46,0,0,0,0,0,0,0,0,0,0,0,0,New York Jets / 5th / 181st pick / 2017,West Georgia
Desmond Harrison,OT,78,292,4.9,,,,,,0,0,0,0,0,0,0,0,0,0,0,0,300,West Georgia
Rushel Shell III,RB,70,227,4.74,32.5,21,,,,0,0,0,0,0,0,0,0,0,0,0,0,300,West Virginia
Shelton Gibson,WR,71,191,4.5,32,8,118,6.83,4.2,0,0,0,0,0,0,0,0,0,0,0,0,Philadelphia Eagles / 5th / 166th pick / 2017,West Virginia
Noble Nwachukwu,DE,73,268,4.83,30.5,27,110,,,0,0,0,0,0,0,0,0,0,0,0,0,300,West Virginia
Rasul Douglas,CB,74,209,4.59,33.5,16,120,6.97,4.26,0,0,0,0,0,0,0,0,0,0,0,0,Philadelphia Eagles / 3rd / 99th pick / 2017,West Virginia
Tyler Orlosky,C,75,298,,,24,,,,0,0,0,0,0,0,0,0,0,0,0,0,300,West Virginia
Justin Crawford,RB,71,199,4.64,33.5,11,122,,,0,0,0,0,0,0,0,0,0,0,0,0,300,West Virginia
Karaun White,WR,73,206,4.52,33.5,24,118,7.16,4.57,0,0,0,0,0,0,0,0,0,0,0,0,300,West Virginia
Kyzir White,S,74,216,,35.5,21,113,,,0,0,0,0,0,0,0,0,0,0,0,0,Los Angeles Chargers / 4th / 119th pick / 2018,West Virginia
Corey Davis,WR,75,209,,,,,,,0,0,0,0,0,0,0,0,0,0,0,0,Tennessee Titans / 1st / 5th pick / 2017,West. Michigan
Taylor Moton,OT,77,319,5.18,30.5,23,109,7.73,4.58,0,0,0,0,0,0,0,0,0,0,0,0,Carolina Panthers / 2nd / 64th pick / 2017,West. Michigan
Darius Phillips,CB,70,190,4.54,,,,,,0,0,0,0,0,0,0,0,0,0,0,0,Cincinnati Bengals / 5th / 170th pick / 2018,West. Michigan
Jarvion Franklin,RB,71,239,4.63,30,18,109,6.93,4.31,0,0,0,0,0,0,0,0,0,0,0,0,300,West. Michigan
Chukwuma Okorafor,OT,78,320,5.31,23.5,19,102,7.87,4.8,0,0,0,0,0,0,0,0,0,0,0,0,Pittsburgh Steelers / 3rd / 92nd pick / 2018,West. Michigan
Taywan Taylor,WR,71,203,4.5,33.5,13,132,6.57,4.21,0,0,0,0,0,0,0,0,0,0,0,0,Tennessee Titans / 3rd / 72nd pick / 2017,Western Kentucky
Forrest Lamp,OG,76,309,5,27.5,34,111,7.55,4.62,0,0,0,0,0,0,0,0,0,0,0,0,Los Angeles Chargers / 2nd / 38th pick / 2017,Western Kentucky
Joel Iyiegbuniwe,LB,73,229,4.6,35,19,117,7.06,4.28,0,0,0,0,0,0,0,0,0,0,0,0,Chicago Bears / 4th / 115th pick / 2018,Western Kentucky
Mike White,QB,77,224,5.09,27,,96,7.4,4.4,0,0,0,0,0,0,0,0,0,0,0,0,Dallas Cowboys / 5th / 171st pick / 2018,Western Kentucky
Donnie Ernsberger,RB,75,241,4.78,31,15,114,7.09,4.34,0,0,0,0,0,0,0,0,0,0,0,0,300,Western Michigan
Jerry Ugokwe,OT,79,321,5.61,26,18,103,8.35,5.17,0,0,0,0,0,0,0,0,0,0,0,0,300,William & Mary
Sojourn Shelton,CB,69,177,4.51,35,10,120,6.92,4.02,0,0,0,0,0,0,0,0,0,0,0,0,300,Wisconsin
Corey Clement,RB,70,220,4.68,28.5,19,115,,,0,0,0,0,0,0,0,0,0,0,0,0,300,Wisconsin
Dare Ogunbowale,RB,71,213,4.65,35,14,120,6.99,4.34,0,0,0,0,0,0,0,0,0,0,0,0,300,Wisconsin
Vince Biegel,OLB,75,246,4.67,33.5,21,118,6.92,4.3,0,0,0,0,0,0,0,0,0,0,0,0,Green Bay Packers / 4th / 108th pick / 2017,Wisconsin
T.J. Watt,OLB,76,252,4.69,37,21,128,6.79,4.13,0,0,0,0,0,0,0,0,0,0,0,0,Pittsburgh Steelers / 1st / 30th pick / 2017,Wisconsin
Ryan Ramczyk,OT,78,310,,,25,,,,0,0,0,0,0,0,0,0,0,0,0,0,New Orleans Saints / 1st / 32nd pick / 2017,Wisconsin
Natrell Jamerson,S,72,198,4.4,35.5,25,120,,,0,0,0,0,0,0,0,0,0,0,0,0,New Orleans Saints / 5th / 164th pick / 2018,Wisconsin
Nick Nelson,CB,71,208,4.52,,17,123,,,0,0,0,0,0,0,0,0,0,0,0,0,Oakland Raiders / 4th / 110th pick / 2018,Wisconsin
Jack Cichy,ILB,74,238,,,18,,,,0,0,0,0,0,0,0,0,0,0,0,0,Tampa Bay Buccaneers / 6th / 202nd pick / 2018,Wisconsin
Garret Dooley,EDGE,75,248,4.8,33,21,121,,4.28,0,0,0,0,0,0,0,0,0,0,0,0,300,Wisconsin
Leon Jacobs,EDGE,75,246,4.48,34.5,26,122,7.14,4.44,0,0,0,0,0,0,0,0,0,0,0,0,Jacksonville Jaguars / 7th / 230th pick / 2018,Wisconsin
Troy Fumagalli,TE,77,247,,,14,,,,0,0,0,0,0,0,0,0,0,0,0,0,Denver Broncos / 5th / 156th pick / 2018,Wisconsin
Brian Hill,RB,73,219,4.54,34,15,125,7.03,4.32,0,0,0,0,0,0,0,0,0,0,0,0,Atlanta Falcons / 5th / 156th pick / 2017,Wyoming
Chase Roullier,C,76,312,5.54,26.5,19,97,7.6,4.47,0,0,0,0,0,0,0,0,0,0,0,0,Washington Redskins / 6th / 199th pick / 2017,Wyoming
Josh Allen,QB,77,237,4.75,33.5,,119,6.9,4.4,0,0,0,0,0,0,0,0,0,0,0,0,Buffalo Bills / 1st / 7th pick / 2018,Wyoming
Avery Moss,DE,75,264,4.79,32.5,14,114,7.25,4.43,0,0,0,0,0,0,0,0,0,0,0,0,New York Giants / 5th / 167th pick / 2017,Youngstown State
Derek Rivers,DE,76,248,4.61,35,30,123,6.94,4.4,0,0,0,0,0,0,0,0,0,0,0,0,New England Patriots / 3rd / 83rd pick / 2017,Youngstown State
