Name,Pos,Height,Weight,40 yard,Vert,Bench,Broad,3cone,Shuttle,Pick,2022 pff grade
Trevor Lawrence,0,77,213,0,0,0,0,0,0,1,78.6
Trey Lance,0,75,224,0,0,0,0,0,0,3,
Alex Leatherwood,2,77,312,4.96,34.5,0,118,0,0,17,
Micah Parsons,11,75,246,4.39,34,19,126,6.89,4.4,12,91.8
Trevon Moehrig,S,0,0,4.5,33,0,0,0,4.19,43,
Chauncey Golston,8,76,269,4.79,36,0,119,7.52,4.65,84,69.3
Trey Sermon,4,72,215,4.57,37,0,125,6.83,4.28,88,
Anthony Schwartz,6,72,186,4.27,32,0,123,7.13,4.25,91,
Jaelan Phillips,8,77,260,4.56,36,21,125,0,0,18,88.8
Tre' McKitty,5,76,247,0,0,0,0,0,0,97,
Camryn Bynum,12,72,196,4.58,34,0,129,6.99,4.1,125,
Shaun Wade,12,72,196,0,0,0,0,0,0,160,
Talanoa Hufanga,14,0,0,4.65,0,0,0,0,0,180,72.1
Trey Hill,2,75,319,5.5,0,0,0,0,0,190,
Sam Ehlinger,0,73,220,4.84,36.5,0,114,7.15,4.44,218,
Elijah Molden,13,69,192,4.62,36.5,13,125,0,0,100,
Ifeatu Melifonwu,13,74,205,4.48,41.5,16,134,7.01,4.34,101,
Josh Uche,LB,73,245,,,18,,,,New England Patriots / 2nd / 60th pick / 2020,83.1
Ambry Thomas,13,71,191,4.37,38,15,122,0,0,102,
Ernest Jones,11,73,230,4.65,38.5,0,0,0,0,103,63.6
Baron Browning,11,74,245,4.58,40,23,130,6.78,4.23,105,
Jay Tufele,8,74,305,5,30,30,105,7.8,4.88,106,
Michael Carter,4,67,201,4.5,34,16,119,6.81,3.98,107,
Darren Hall,12,71,188,4.47,38.5,16,132,7.07,4.28,108,
Gregory Rousseau,8,78,266,4.68,30,21,115,0,0,30,80.9
Dez Fitzpatrick,6,73,208,4.43,35,0,0,7.09,4.26,109,
Aidan Hutchinson,DE,79,260,4.74,36,,117,6.73,4.15,Detroit Lions / 1st / 2nd pick / 2022,80.7
Justin Fields,0,74,227,4.45,0,0,0,0,0,11,70.2
James Hudson,2,76,313,5.27,28.5,22,98,8.05,4.79,110,
Amon-Ra St. Brown,6,71,197,4.51,38.5,20,127,6.88,4.17,112,90.7
Derrick Barnes,9,72,238,4.57,37,29,119,0,4.27,113,62.3
Drew Dalman,3,75,299,5.11,33,33,109,7.33,4.52,114,65.9
Jabril Cox,11,75,232,0,0,0,0,0,0,115,
Elerson Smith,8,0,0,4.71,41.5,26,127,7,4.39,116,
Chris Rumph,9,74,244,0,0,18,0,0,0,118,
Rhamondre Stevenson,4,71,231,4.64,31.5,15,112,7.09,4.15,120,81.3
Jordan Smith,10,77,264,4.8,33,16,117,0,0,121,
Tyler Shelvin,7,74,350,5.4,28.5,0,97,8.15,5.05,122,
Chuba Hubbard,4,72,210,4.48,36,20,120,7.24,4.26,126,76.6
Jaelon Darden,6,67,174,4.47,35.5,0,122,6.66,3.98,129,
Rashawn Slater,2,76,304,4.91,33,33,112,7.48,4.45,13,
Kayvon Thibodeaux,EDGE,76,254,4.58,,27,,,,New York Giants / 1st / 5th pick / 2022,72.5
Robert Rochell,13,71,193,4.41,43,9,133,6.84,4.08,130,
Tylan Wallace,6,71,194,4.48,33,11,112,6.97,4.25,131,
Jermaine Johnson II,DE,77,254,4.58,32,,125,,,New York Jets / 1st / 26th pick / 2022,71.7
Tommy Togiai,7,73,296,4.97,32,40,105,7.2,4.49,132,
Ian Book,0,72,211,4.65,32.5,0,115,6.99,4.19,133,
Rashad Weaver,8,76,259,4.88,32,20,114,6.97,4.26,135,
Marco Wilson,12,71,191,4.37,43.5,26,136,6.8,4.13,136,
Tre Brown,12,69,185,4.42,38,13,123,7.11,4.27,137,
Josh Ball,2,79,308,5.2,27.5,28,106,7.77,4.7,138,
Alijah Vera-Tucker,2,76,308,5.05,32,36,106,7.67,4.7,14,
Kwity Paye,8,74,261,4.52,35.3,36,118,0,0,21,69.6
Tyree Gillespie,14,0,0,4.38,0,15,0,7.06,0,143,
Luke Farrell,5,77,251,4.79,36.5,22,118,7.14,4.36,145,
Jamien Sherwood,13,73,216,4.76,36,15,123,7.15,4.36,146,
Brevin Jordan,5,74,247,4.64,31,17,116,0,0,147,
Ta'Quon Graham,8,75,292,4.89,32.5,32,113,7.31,4.68,148,68.5
Mac Jones,0,74,217,4.72,32,0,116,7.04,4.39,15,67.5
Kenneth Gainwell,4,0,201,4.42,0,21,0,0,0,150,63.5
Larry Borom,2,77,322,5.12,31,0,0,0,0,151,64.7
Caden Sterns,13,71,202,4.41,42,14,128,6.96,4.13,152,
Tony Fields,11,72,222,4.64,34,17,114,7.15,4.48,153,
Isaiahh Loudermilk,9,78,274,5.08,28.5,21,112,7.52,4.55,156,
Ihmir Smith-Marsette,6,72,181,4.43,37,0,124,7,4.2,157,
Daviyon Nixon,7,75,313,4.9,28.5,0,106,7.68,4.7,158,
Derrick Brown,DL,77,326,5.16,27,28,108,8.22,4.79,Carolina Panthers / 1st / 7th pick / 2020,84.4
Brenden Jaimes,2,77,298,0,30.5,25,112,7.5,4.51,159,
Zaven Collins,11,76,259,4.67,35,19,122,0,4.36,16,
Noah Gray,5,75,240,4.55,35,15,115,6.83,4.37,162,60.7
Darrick Forrest,14,71,206,4.42,39,21,132,6.91,4.23,163,67.0
Jamar Johnson,13,74,205,4.58,35,17,122,7.22,4.41,164,
Shawn Davis,13,70,202,0,39.5,17,128,0,0,165,
Khyiris Tonga,8,0,0,0,0,35,0,0,0,250,77.8
Keith Taylor,13,74,187,4.54,33.5,12,127,6.85,4.26,166,
Richard LeCounte,13,70,196,4.79,32.5,0,128,7.44,4.49,169,
Garret Wallow,11,0,0,4.65,32.5,22,122,6.87,4.12,170,
Daelin Hayes,8,75,253,4.71,32.5,26,119,7.17,4.29,171,
Deommodore Lenoir,12,70,199,4.48,34.5,15,121,7.02,4.35,172,
Tedarrell Slaton,8,76,330,5.09,29,27,109,7.91,4.81,173,
K.J. Britt,11,72,235,4.76,32.5,24,118,7.38,4.4,176,
Simi Fehoko,6,75,222,4.44,34.5,16,120,6.78,4.26,179,
Cornell Powell,6,72,204,4.53,36.5,16,128,7.03,4.21,181,
Adetokunbo Ogundeji,8,76,260,4.75,32,22,120,7.17,4.64,182,
Avery Williams,12,68,187,4.43,33.5,19,121,6.88,4,183,
Hamsah Nasirildeen,13,75,215,0,32,17,0,7.05,4.31,186,
Frank Darby,6,72,201,4.56,34.5,19,117,7.05,4.25,187,
Joshuah Bledsoe,14,0,0,0,0,0,0,0,0,188,
Milton Williams,8,75,284,4.67,38.5,34,121,6.96,4.33,73,72.2
Jamin Davis,11,75,234,4.47,42,0,132,0,0,19,62.9
Tarron Jackson,9,74,254,4.68,29,25,118,7.45,4.51,191,
Deonte Brown,2,75,344,0,27,0,0,0,0,193,
Elijah Mitchell,4,70,201,4.38,37.5,17,128,6.94,4.19,194,
Gary Brightwell,4,70,218,4.62,34.5,17,118,7.51,4.48,196,
William Sherman,2,75,304,5.19,26,23,108,7.71,4.82,197,
Larry Rountree,4,0,0,4.62,30,0,0,6.96,0,198,
Jaylen Twyman,8,73,301,5.4,32.5,40,104,8,0,199,
Zach Wilson,0,74,214,0,0,0,0,0,0,2,46.5
Kadarius Toney,6,71,193,4.39,39.5,9,136,6.88,4.25,20,
Christian Barmore,8,76,310,4.93,0,0,0,0,0,38,68.6
Rodarius Williams,12,71,189,4.5,36.5,14,123,6.98,4.15,201,
Chris Evans,4,71,211,4.5,40.5,20,127,6.83,4.12,202,
Marquez Stevenson,6,70,180,4.48,33,0,122,6.76,4.14,203,
Racey McMath,6,74,217,4.36,34,0,124,7.38,4.38,205,
Landon Young,1,78,310,5,30.5,34,108,7.7,4.89,206,
Stone Forsythe,2,80,307,5.14,27.5,25,103,7.47,4.65,208,
Victor Dimukeje,9,73,262,4.87,34.5,28,115,7.25,4.35,210,
Demetric Felton,4,68,189,4.55,0,0,0,0,0,211,
Damar Hamlin,13,72,200,4.6,35,18,118,6.93,4.4,212,
Rachad Wildgoose,12,71,197,4.53,36,11,120,7.09,4.18,213,
Cole Van Lanen,2,76,305,5.11,30,22,107,7.34,4.64,214,
Brady Breeze,14,71,197,4.55,38,20,120,7.05,4.22,215,
Quincy Roche,8,0,0,0,32.5,23,119,0,0,216,
Khalil Herbert,4,68,210,4.46,33,22,115,6.96,4.31,217,72.5
Seth Williams,6,75,211,4.49,37,12,124,7.2,4.43,219,
Dazz Newsome,6,70,190,4.59,34,12,121,7.38,4.38,221,
Tay Gowan,13,72,186,4.44,35.5,13,118,6.88,4.25,223,
Jacoby Stevens,14,73,212,4.63,42,0,130,0,0,224,
Israel Mukuamu,13,0,0,0,36,34,0,0,0,227,
Jimmy Morrissey,2,75,303,5.31,31,26,105,7.39,4.47,230,
Jake Funk,4,70,204,4.49,38,22,122,6.71,4.12,233,
Patrick Johnson,9,78,240,4.59,35,16,119,6.97,4.41,234,
Wyatt Hubert,9,74,258,4.93,32.5,0,110,7.03,4.28,235,
Jack Anderson,2,76,314,5.28,29.5,27,105,7.9,4.83,236,
Nick Bolton,11,71,237,4.6,32,24,0,7.4,4.5,58,77.3
Kary Vincent Jr.,12,69,185,4.36,35.5,8,117,0,0,237,
Jonathon Cooper,9,74,253,4.69,33,28,108,6.99,4.31,239,
William Bradley-King,10,75,252,4.74,34.5,0,119,7.14,4.26,240,
Mark Webb,13,73,207,4.61,36.5,0,136,7.3,4.52,241,
Logan Wilson,LB,74,241,4.63,32,21,121,7.07,4.27,Cincinnati Bengals / 3rd / 65th pick / 2020,74.6
Tre Nixon,6,72,187,4.44,35.5,18,125,6.81,4.27,242,
James Wiggins,14,71,209,4.4,38,22,127,0,0,243,
Tre Norwood,13,71,192,4.58,33.5,12,123,7.65,4.45,245,
Shaka Toney,9,74,242,4.51,39,24,128,6.95,4.28,246,
Will Fries,2,78,309,5.37,31,24,115,7.77,4.53,248,
Travis Etienne,4,70,215,4.45,33.5,18,128,0,0,25,76.7
Kylin Hill,4,70,214,4.51,36,22,122,7.13,4.35,256,
Jermar Jefferson,4,70,206,4.57,31,13,115,7.38,4.38,257,
Dax Milne,6,0,0,4.54,31,14,114,0,4.19,258,
Greg Newsome,13,72,192,4.39,40,18,123,6.9,4.26,26,
Rashod Bateman,6,72,190,4.39,36,0,123,0,0,27,
Payton Turner,8,77,268,0,35.5,23,0,6.98,4.33,28,
Eric Stokes,13,72,194,4.31,38.5,14,128,6.96,4.36,29,
Patrick Queen,LB,73,229,4.5,35,18,125,,,Baltimore Ravens / 1st / 28th pick / 2020,69.7
Jayson Oweh,9,77,257,4.36,39.5,21,134,6.83,4.21,31,
Willie Gay Jr.,LB,73,243,4.46,39.5,21,136,7.08,4.3,Kansas City Chiefs / 2nd / 63rd pick / 2020,68.1
Joe Tryon,10,77,259,4.69,35,22,116,7.18,4.36,32,
Tyson Campbell,13,73,193,4.4,34.5,12,124,7.15,4.45,33,80.8
Elijah Moore,6,0,0,4.35,36,17,121,6.63,4.07,34,
Javonte Williams,4,69,212,4.55,36,22,123,6.97,4.09,35,
Jevon Holland,14,72,207,4.48,35.5,19,126,0,4.14,36,67.2
Damone Clark,LB,75,239,4.57,36.5,,127,7.12,,Dallas Cowboys / 5th / 176th pick / 2022,65.5
Teven Jenkins,2,77,317,5.01,32.5,36,106,7.72,4.66,39,
Jeremiah Owusu-Koramoah,11,73,221,0,36.5,0,124,6.8,4.15,52,65.5
Kyle Pitts,5,77,245,4.44,33.5,22,129,7.12,4.3,4,72.7
Pete Werner,11,74,238,4.58,39.5,20,122,6.95,4.38,60,64.7
Richie Grant,13,71,197,4.49,34.5,12,129,6.78,4.27,40,
Levi Onwuzurike,8,74,290,4.89,30,29,109,0,0,41,
Liam Eichenberg,2,78,306,0,26.5,33,105,7.53,4.58,42,
Monty Rice,11,72,233,4.58,32,0,121,7.34,4.33,92,63.3
Kelvin Joseph,13,71,197,4.34,35,0,128,7.21,4.22,44,
Walker Little,1,79,313,5.3,29.5,24,111,7.44,4.59,45,
Jackson Carman,1,76,317,0,0,0,0,0,0,46,
Aaron Banks,2,77,325,5.32,31,24,100,7.69,4.89,48,
Malcolm Rodriguez,LB,71,232,4.52,39.5,,120,,,Detroit Lions / 6th / 188th pick / 2022,62.8
Rondale Moore,6,67,180,4.28,42.5,0,0,6.65,4.06,49,
Ja'Marr Chase,6,72,201,4.34,41,0,132,6.96,3.99,5,83.9
Azeez Ojulari,10,74,249,4.63,30,26,127,7.27,4.34,50,
Samuel Cosmi,2,77,314,4.87,30,36,117,7.35,4.39,51,71.6
Kyle Hamilton,S,76,220,4.59,38,,131,6.9,4.32,Baltimore Ravens / 1st / 14th pick / 2022,87.6
Dillon Radunz,1,77,301,5.16,32,24,112,7.27,4.57,53,
Dayo Odeyingbo,8,77,276,0,0,0,0,0,0,54,
Pat Freiermuth,5,77,251,0,0,26,0,0,0,55,75.5
D'Wayne Eskridge,6,68,190,4.38,35,0,124,6.93,4.22,56,
Tutu Atwell,6,68,155,4.42,33,0,117,6.89,4.14,57,
Carlos Basham,8,75,274,4.64,34,20,122,7.13,4.25,61,
Josh Myers,3,77,310,0,0,29,0,0,0,62,60.4
Creed Humphrey,2,76,302,5.11,33,29,112,7.5,4.49,63,89.9
Kyle Dugger,S,73,217,4.49,42,17,134,,,New England Patriots / 2nd / 37th pick / 2020,78.4
Kyle Trask,0,77,236,5.1,31.5,0,113,7.08,4.6,64,
Andre Cisco,13,0,0,0,0,17,0,0,0,65,67.7
Davis Mills,0,75,217,4.82,32,0,110,6.95,4.4,67,61.9
Joseph Ossai,11,75,256,4.63,41.5,19,131,0,0,69,
Penei Sewell,2,76,331,5.13,28,30,109,7.76,4.68,7,80.6
Brady Christensen,2,0,0,0,34,30,124,0,0,70,
Aaron Robinson,13,71,186,4.39,37,15,123,6.89,4.29,71,
Benjamin St-Juste,13,75,202,4.51,34.5,11,119,6.63,3.96,74,
Paulson Adebo,12,73,198,4.45,36.5,18,121,6.69,4.13,76,
Chazz Surratt,11,74,229,4.58,31,25,0,7.02,4.16,78,
Malcolm Koonce,9,74,249,0,0,0,0,0,0,79,
Jaycee Horn,13,72,205,4.39,41.5,19,133,0,0,8,71.4
Divine Deablo,13,75,226,4.42,34,19,126,7.12,4.4,80,
Dyami Brown,6,72,189,4.46,35,18,128,6.87,4.35,82,
Tommy Tremble,5,75,241,4.6,36.5,20,122,0,0,83,
Amari Rodgers,6,69,212,4.52,33,19,121,7.07,4.31,85,
Geno Stone,S,70,207,4.62,33.5,12,116,,,Baltimore Ravens / 7th / 219th pick / 2020,71.4
Wyatt Davis,2,75,315,0,0,25,0,0,0,86,
Kendrick Green,2,73,305,4.89,35.5,25,119,7.79,4.67,87,
Nico Collins,6,76,215,4.43,37.5,14,125,6.78,4.29,89,72.4
Patrick Surtain,13,74,208,4.42,39,18,131,0,0,9,
Patrick Jones,8,76,261,4.85,31.5,22,107,0,0,90,
Ben Cleveland,2,78,343,5.05,28,30,102,0,4.88,94,
Robert Hainsey,2,76,306,5.2,27.5,32,104,7.58,4.63,95,66.7
Ronnie Perkins,9,74,253,4.71,32,25,115,0,4.69,96,
Quinn Meinerz,2,74,320,4.99,32,0,111,7.54,4.58,98,
Nahshon Wright,13,76,183,4.46,31,6,126,7.24,4.57,99,
Isaiah Simmons,LB,76,238,4.39,39,,132,,,Arizona Cardinals / 1st / 8th pick / 2020,67.9
Trey McBride,TE,76,246,,33,18,117,,,Arizona Cardinals / 2nd / 55th pick / 2022,
Myjai Sanders,EDGE,77,228,4.67,33,,120,,4.37,Arizona Cardinals / 3rd / 100th pick / 2022,
Joshua Jones,OL,77,319,5.27,28.5,24,109,,,Arizona Cardinals / 3rd / 72nd pick / 2020,
Jaquan Brisker,S,73,199,4.49,34.5,22,124,,,Chicago Bears / 2nd / 48th pick / 2022,67.0
Cameron Thomas,DE,76,267,,,24,,,,Arizona Cardinals / 3rd / 87th pick / 2022,
Leki Fotu,DL,77,330,5.15,,21,,,,Arizona Cardinals / 4th / 114th pick / 2020,
Rashard Lawrence II,DL,74,308,5.07,,22,,8.03,,Arizona Cardinals / 4th / 131st pick / 2020,
Keaontay Ingram,RB,73,221,4.53,34.5,,122,,,Arizona Cardinals / 6th / 201st pick / 2022,
Evan Weaver,LB,74,237,4.76,32,15,117,7.02,4.21,Arizona Cardinals / 6th / 202nd pick / 2020,
Lecitus Smith,OG,75,314,5.18,,23,99,7.88,4.78,Arizona Cardinals / 6th / 215th pick / 2022,
Eno Benjamin,RB,69,207,4.57,39,12,122,6.97,4.25,Arizona Cardinals / 7th / 222nd pick / 2020,72.2
Jesse Luketa,LB,75,253,4.89,37.5,,114,,,Arizona Cardinals / 7th / 256th pick / 2022,
Marquis Hayes,OG,77,318,5.3,23.5,,102,,,Arizona Cardinals / 7th / 257th pick / 2022,
A.J. Terrell,CB,73,195,4.42,34.5,15,129,,,Atlanta Falcons / 1st / 16th pick / 2020,
Drake London,WR,76,219,,,,,,,Atlanta Falcons / 1st / 8th pick / 2022,83.2
Arnold Ebiketie,EDGE,74,250,,38,21,128,,,Atlanta Falcons / 2nd / 38th pick / 2022,
Marlon Davidson,DL,75,303,5.04,,21,,,,Atlanta Falcons / 2nd / 47th pick / 2020,
Troy Andersen,LB,76,243,4.42,36,,128,,,Atlanta Falcons / 2nd / 58th pick / 2022,
Desmond Ridder,QB,75,211,4.52,36,,127,7.15,4.29,Atlanta Falcons / 3rd / 74th pick / 2022,
Matt Hennessy,OL,76,307,5.18,30,23,110,7.45,4.6,Atlanta Falcons / 3rd / 78th pick / 2020,
DeAngelo Malone,EDGE,75,243,,,23,,,,Atlanta Falcons / 3rd / 82nd pick / 2022,
Mykal Walker,LB,75,230,4.65,33,20,122,7.09,4.25,Atlanta Falcons / 4th / 119th pick / 2020,
Jaylinn Hawkins,S,73,208,,35.5,,117,,,Atlanta Falcons / 4th / 134th pick / 2020,
Tyler Allgeier,RB,71,224,4.6,33,,120,,,Atlanta Falcons / 5th / 151st pick / 2022,86.7
Justin Shaffer,OG,76,314,5.14,25.5,,107,,,Atlanta Falcons / 6th / 190th pick / 2022,
L'Jarius Sneed,S,73,192,4.37,41,12,131,,,Kansas City Chiefs / 4th / 138th pick / 2020,77.7
Sterling Hofrichter,P,70,196,,,,,,,Atlanta Falcons / 7th / 228th pick / 2020,
Tyler Linderbaum,C,74,296,,,,,,,Baltimore Ravens / 1st / 25th pick / 2022,74.6
Trent McDuffie,CB,71,193,4.44,,,,,,Kansas City Chiefs / 1st / 21st pick / 2022,74.9
Jack Jones,CB,71,171,4.51,,,,,,New England Patriots / 4th / 121st pick / 2022,74.7
David Ojabo,EDGE,76,250,4.55,35,,122,,4.45,Baltimore Ravens / 2nd / 45th pick / 2022,
J.K. Dobbins,RB,69,209,,,23,,,,Baltimore Ravens / 2nd / 55th pick / 2020,
Tyre Phillips,OL,77,331,5.37,25,22,93,8.17,5.11,Baltimore Ravens / 3rd / 106th pick / 2020,
Justin Madubuike,DL,75,293,4.83,,31,,7.37,,Baltimore Ravens / 3rd / 71st pick / 2020,
Travis Jones,DT,76,325,4.92,28.5,,110,7.33,4.58,Baltimore Ravens / 3rd / 76th pick / 2022,
Devin Duvernay,WR,70,200,4.39,35.5,,123,7.13,4.2,Baltimore Ravens / 3rd / 92nd pick / 2020,
Martin Emerson,CB,74,201,4.53,,,,,,Cleveland Browns / 3rd / 68th pick / 2022,72.5
Malik Harrison,LB,75,247,4.66,36,,122,6.83,4.32,Baltimore Ravens / 3rd / 98th pick / 2020,
Daniel Faalele,OT,80,384,,,24,,,,Baltimore Ravens / 4th / 110th pick / 2022,
Jalyn Armour-Davis,CB,73,197,4.39,34.5,14,,,,Baltimore Ravens / 4th / 119th pick / 2022,
Charlie Kolar,TE,79,252,,,,,,,Baltimore Ravens / 4th / 128th pick / 2022,
Jordan Stout,P,75,209,4.65,,,,,,Baltimore Ravens / 4th / 130th pick / 2022,
Isaiah Likely,TE,77,245,,36,,,,4.57,Baltimore Ravens / 4th / 139th pick / 2022,65.0
Damarion Williams,CB,70,182,,34.5,17,118,,,Baltimore Ravens / 4th / 141st pick / 2022,
Ben Bredeson,OL,77,315,,,,,,,Baltimore Ravens / 4th / 143rd pick / 2020,
Broderick Washington,DL,74,305,,,23,,,,Baltimore Ravens / 5th / 170th pick / 2020,
Tyler Badie,RB,68,197,4.45,33.5,,121,,,Baltimore Ravens / 6th / 196th pick / 2022,
James Proche,WR,71,201,,34.5,20,,7.27,4.4,Baltimore Ravens / 6th / 201st pick / 2020,
Kaiir Elam,CB,74,191,4.39,,,,,,Buffalo Bills / 1st / 23rd pick / 2022,
A.J. Epenesa,DL,77,275,5.04,32.5,17,117,7.34,4.46,Buffalo Bills / 2nd / 54th pick / 2020,
James Cook,RB,71,199,4.42,33,,124,,,Buffalo Bills / 2nd / 63rd pick / 2022,73.3
Zack Moss,RB,69,223,4.65,33,19,,,4.37,Buffalo Bills / 3rd / 86th pick / 2020,71.1
Terrel Bernard,LB,73,224,,35.5,22,123,7.03,4.25,Buffalo Bills / 3rd / 89th pick / 2022,
Cordale Flott,CB,73,175,,,,,,,New York Giants / 3rd / 81st pick / 2022,67.8
Gabriel Davis,WR,74,216,4.54,35,14,124,7.08,4.59,Buffalo Bills / 4th / 128th pick / 2020,
Khalil Shakir,WR,73,196,4.43,34.5,,124,7.28,4.21,Buffalo Bills / 5th / 148th pick / 2022,
Marcus Jones,CB,68,174,,,,,,,New England Patriots / 3rd / 85th pick / 2022,67.6
Jake Fromm,QB,74,219,5.01,30,,111,7.27,4.51,Buffalo Bills / 5th / 167th pick / 2020,
Trevon Diggs,CB,73,205,,,,,,,Dallas Cowboys / 2nd / 51st pick / 2020,67.6
Matt Araiza,P,73,200,4.68,32,,121,,,Buffalo Bills / 6th / 180th pick / 2022,
Tyler Bass,K,70,185,,,,,,,Buffalo Bills / 6th / 188th pick / 2020,
Isaiah Hodgins,WR,76,210,4.61,36.5,9,124,7.01,4.12,Buffalo Bills / 6th / 207th pick / 2020,76.9
Luke Tenuta,OT,80,319,5.41,26,,104,,4.77,Buffalo Bills / 6th / 209th pick / 2022,
Baylon Spector,LB,73,233,4.6,36,,122,,,Buffalo Bills / 7th / 231st pick / 2022,
Dane Jackson,CB,73,187,4.57,35,,122,7.07,4.27,Buffalo Bills / 7th / 239th pick / 2020,
Ikem Ekwonu,OT,76,310,4.93,29,,108,7.82,4.73,Carolina Panthers / 1st / 6th pick / 2022,65.3
Yetur Gross-Matos,DL,77,266,,34,20,120,,,Carolina Panthers / 2nd / 38th pick / 2020,
Jeremy Chinn,S,75,221,4.45,41,20,138,,,Carolina Panthers / 2nd / 64th pick / 2020,
Matt Corral,QB,74,212,,,,,,,Carolina Panthers / 3rd / 94th pick / 2022,
Andrew Thomas,OL,77,315,5.22,30.5,21,109,7.58,4.66,New York Giants / 1st / 4th pick / 2020,90.3
Troy Pride,CB,71,193,4.4,35.5,13,119,6.94,4.26,Carolina Panthers / 4th / 113th pick / 2020,
Brandon Smith,LB,76,250,4.52,37.5,,128,,,Carolina Panthers / 4th / 120th pick / 2022,
AmarÃ© Barno,EDGE,77,246,4.36,37,,131,,4.45,Carolina Panthers / 6th / 189th pick / 2022,
Cade Mays,OG,77,311,5.24,26,,102,7.57,4.71,Carolina Panthers / 6th / 199th pick / 2022,
Stantley Thomas-Oliver,CB,73,192,4.48,34,,127,,,Carolina Panthers / 7th / 221st pick / 2020,
Kalon Barnes,CB,73,183,4.23,,,,,,Carolina Panthers / 7th / 242nd pick / 2022,
Kyler Gordon,CB,73,194,4.52,,,,,,Chicago Bears / 2nd / 39th pick / 2022,
Cole Kmet,TE,78,262,4.7,37,,123,7.44,4.41,Chicago Bears / 2nd / 43rd pick / 2020,67.6
Jaylon Johnson,CB,73,193,4.5,36.5,15,124,7.01,4.13,Chicago Bears / 2nd / 50th pick / 2020,
Velus Jones,WR,73,204,4.31,33,,121,,,Chicago Bears / 3rd / 71st pick / 2022,
Trevis Gipson,DL,75,261,,,25,,,,Chicago Bears / 5th / 155th pick / 2020,
Kindle Vildor,CB,70,191,4.44,39.5,22,133,7.14,4.28,Chicago Bears / 5th / 163rd pick / 2020,
Braxton Jones,OT,77,310,4.97,25.5,,108,,4.84,Chicago Bears / 5th / 168th pick / 2022,75.4
Darnell Mooney,WR,70,176,4.38,37,9,124,,,Chicago Bears / 5th / 173rd pick / 2020,69.2
Dominique Robinson,EDGE,77,253,4.72,41,25,121,,,Chicago Bears / 5th / 174th pick / 2022,
Trestan Ebner,RB,71,206,4.43,30,,,,,Chicago Bears / 6th / 203rd pick / 2022,
Ja'Tyre Carter,OG,75,311,5.13,30,,108,7.84,4.9,Chicago Bears / 7th / 226th pick / 2022,
Trenton Gill,P,76,220,,,,,,,Chicago Bears / 7th / 255th pick / 2022,
Joe Burrow,QB,75,221,,,,,,,Cincinnati Bengals / 1st / 1st pick / 2020,92.0
Daxton Hill,S,73,191,4.38,33.5,,121,6.57,4.06,Cincinnati Bengals / 1st / 31st pick / 2022,
Tee Higgins,WR,76,216,,,,,,,Cincinnati Bengals / 2nd / 33rd pick / 2020,78.4
Tyler Smith,OT,77,324,5.02,27.5,,105,7.78,4.65,Dallas Cowboys / 1st / 24th pick / 2022,73.3
Cam Taylor-Britt,CB,71,196,4.38,,,,,,Cincinnati Bengals / 2nd / 60th pick / 2022,
Bernhard Raimann,OT,78,303,5.05,30.5,30,117,7.46,4.49,Indianapolis Colts / 3rd / 77th pick / 2022,73.3
Zachary Carter,DE,76,282,4.99,27.5,19,110,,,Cincinnati Bengals / 3rd / 95th pick / 2022,
Akeem Davis-Gaither,LB,73,224,,,21,,,,Cincinnati Bengals / 4th / 107th pick / 2020,
Cordell Volson,OG,78,315,5.27,25,25,104,8.31,4.93,Cincinnati Bengals / 4th / 136th pick / 2022,
Khalid Kareem,DL,76,268,,,,,,,Cincinnati Bengals / 5th / 147th pick / 2020,
Tycen Anderson,S,74,209,4.36,35.5,,123,6.64,4.28,Cincinnati Bengals / 5th / 166th pick / 2022,
Hakeem Adeniji,OL,76,302,5.17,34,26,115,,,Cincinnati Bengals / 6th / 180th pick / 2020,
Markus Bailey,LB,73,235,,,15,,,,Cincinnati Bengals / 7th / 215th pick / 2020,
Jeffrey Gunter,EDGE,76,258,4.7,35.5,,122,7.21,4.35,Cincinnati Bengals / 7th / 252nd pick / 2022,
Jedrick Wills,OL,76,312,5.05,34.5,,113,,4.84,Cleveland Browns / 1st / 10th pick / 2020,
Jamaree Salyer,OG,75,321,,,31,,,,Los Angeles Chargers / 6th / 195th pick / 2022,69.8
Grant Delpit,S,74,213,,,,,,,Cleveland Browns / 2nd / 44th pick / 2020,
Alex Wright,DE,77,271,,,15,,,,Cleveland Browns / 3rd / 78th pick / 2022,
Jordan Elliott,DL,76,302,5.02,27.5,24,,,4.73,Cleveland Browns / 3rd / 88th pick / 2020,
Zach Tom,C,76,304,4.94,33,,118,7.32,4.47,Green Bay Packers / 4th / 140th pick / 2022,68.3
Jacob Phillips,LB,75,229,4.66,39,,126,7.38,4.33,Cleveland Browns / 3rd / 97th pick / 2020,
David Bell,WR,73,212,4.65,33,,118,7.14,4.57,Cleveland Browns / 3rd / 99th pick / 2022,
Perrion Winfrey,DT,76,290,4.89,,,,,,Cleveland Browns / 4th / 108th pick / 2022,
Harrison Bryant,TE,77,243,4.73,32.5,13,110,7.41,4.37,Cleveland Browns / 4th / 115th pick / 2020,59.3
Cade York,K,73,206,,,12,,,,Cleveland Browns / 4th / 124th pick / 2022,
Jerome Ford,RB,71,210,4.46,31,,118,,,Cleveland Browns / 5th / 156th pick / 2022,
Nick Harris,OL,73,302,5.1,29.5,20,103,,,Cleveland Browns / 5th / 160th pick / 2020,
Donovan Peoples-Jones,WR,74,212,4.48,44.5,,139,,,Cleveland Browns / 6th / 187th pick / 2020,
Mike Woods,WR,73,204,4.55,34.5,,125,,,Cleveland Browns / 6th / 202nd pick / 2022,
Isaiah Thomas,EDGE,77,266,4.7,31.5,,117,,,Cleveland Browns / 7th / 223rd pick / 2022,
Dawson Deaton,C,78,306,5.12,29,24,108,7.52,4.49,Cleveland Browns / 7th / 246th pick / 2022,
CeeDee Lamb,WR,74,198,4.5,34.5,11,124,,,Dallas Cowboys / 1st / 17th pick / 2020,86.2
Sam Williams,EDGE,76,261,4.46,32.5,,123,,,Dallas Cowboys / 2nd / 56th pick / 2022,
Neville Gallimore,DL,74,304,4.79,,23,,7.97,5.01,Dallas Cowboys / 3rd / 82nd pick / 2020,
Jalen Tolbert,WR,73,194,4.49,36,,123,7.08,,Dallas Cowboys / 3rd / 88th pick / 2022,
Reggie Robinson II,CB,73,205,4.44,36,22,132,7.09,4.18,Dallas Cowboys / 4th / 123rd pick / 2020,
Jake Ferguson,TE,77,250,4.81,31.5,15,118,7.03,4.48,Dallas Cowboys / 4th / 129th pick / 2022,66.1
Tyler Biadasz,OL,76,314,,,,,,,Dallas Cowboys / 4th / 146th pick / 2020,60.5
Matt Waletzko,OT,80,312,5.03,30,,113,,,Dallas Cowboys / 5th / 155th pick / 2022,
John Ridgeway,DT,77,321,5.3,,,101,,4.73,Dallas Cowboys / 5th / 178th pick / 2022,
Bradlee Anae,DL,75,257,4.93,31,25,115,7.44,4.43,Dallas Cowboys / 5th / 179th pick / 2020,
Jerry Jeudy,WR,73,193,4.45,35,,120,,4.53,Denver Broncos / 1st / 15th pick / 2020,78.4
KJ Hamler,WR,69,178,,,15,,,,Denver Broncos / 2nd / 46th pick / 2020,
Nik Bonitto,EDGE,75,248,4.54,35.5,,120,7.07,4.23,Denver Broncos / 2nd / 64th pick / 2022,
Michael Ojemudia,CB,73,200,4.45,36,,122,6.87,4.21,Denver Broncos / 3rd / 77th pick / 2020,
Greg Dulcich,TE,76,243,4.69,34,16,122,7.05,4.37,Denver Broncos / 3rd / 80th pick / 2022,60.4
Lloyd Cushenberry,OL,75,312,5.27,,25,,,,Denver Broncos / 3rd / 83rd pick / 2020,
McTelvin Agim,DL,75,309,4.98,,27,,,,Denver Broncos / 3rd / 95th pick / 2020,
Damarri Mathis,CB,71,196,4.39,,,,,,Denver Broncos / 4th / 115th pick / 2022,
Eyioma Uwazurike,DT,78,316,,33,,107,,,Denver Broncos / 4th / 116th pick / 2022,
Albert Okwuegbunam,TE,77,258,4.49,,,,,,Denver Broncos / 4th / 118th pick / 2020,
Delarrin Turner-Yell,S,70,197,4.47,,,122,,,Denver Broncos / 5th / 152nd pick / 2022,
Luke Wattenberg,C,76,299,5.2,29.5,,113,7.45,4.57,Denver Broncos / 5th / 171st pick / 2022,
Justin Strnad,LB,75,238,4.74,29,,113,,4.49,Denver Broncos / 5th / 178th pick / 2020,
Netane Muti,OL,75,315,,,44,,,,Denver Broncos / 6th / 181st pick / 2020,
Tyrie Cleveland,WR,74,209,4.46,39.5,13,126,,,Denver Broncos / 7th / 252nd pick / 2020,
Derrek Tuszka,DL,76,251,4.79,33.5,24,120,6.87,4.34,Denver Broncos / 7th / 254th pick / 2020,
Jameson Williams,WR,74,179,,,,,,,Detroit Lions / 1st / 12th pick / 2022,
Jeff Okudah,CB,73,205,4.48,41,11,135,,,Detroit Lions / 1st / 3rd pick / 2020,
D'Andre Swift,RB,68,212,4.48,35.5,,121,,,Detroit Lions / 2nd / 35th pick / 2020,78.1
Joshua Paschal,DE,75,268,4.77,37.5,,123,,,Detroit Lions / 2nd / 46th pick / 2022,
Luke Fortner,C,76,307,5.21,24,,102,7.75,4.95,Jacksonville Jaguars / 3rd / 65th pick / 2022,52.0
Julian Okwara,DL,76,252,,,27,,,,Detroit Lions / 3rd / 67th pick / 2020,
Jonah Jackson,OL,75,306,5.23,26,28,98,7.83,5.02,Detroit Lions / 3rd / 75th pick / 2020,
Kerby Joseph,S,73,203,,38.5,18,123,,,Detroit Lions / 3rd / 97th pick / 2022,
Logan Stenberg,OL,78,317,5.3,26,,104,8,4.83,Detroit Lions / 4th / 121st pick / 2020,
Quintez Cephus,WR,73,202,4.73,38.5,23,124,7.2,4.33,Detroit Lions / 5th / 166th pick / 2020,
James Mitchell,TE,76,249,,,,,,,Detroit Lions / 5th / 177th pick / 2022,
John Penisini,DL,73,318,,25.5,23,,,4.93,Detroit Lions / 6th / 197th pick / 2020,
Chase Lucas,CB,71,180,4.48,39,,128,,,Detroit Lions / 7th / 237th pick / 2022,
Quay Walker,LB,76,241,4.52,32,,122,,,Green Bay Packers / 1st / 22nd pick / 2022,
Jordan Love,QB,76,224,4.74,35.5,,118,7.21,4.52,Green Bay Packers / 1st / 26th pick / 2020,
Devonte Wyatt,DT,75,304,4.77,29,,111,,,Green Bay Packers / 1st / 28th pick / 2022,
Christian Watson,WR,76,208,4.36,38.5,,136,,,Green Bay Packers / 2nd / 34th pick / 2022,77.1
AJ Dillon,RB,73,247,4.53,41,23,131,7.19,,Green Bay Packers / 2nd / 62nd pick / 2020,
Sean Rhyan,OG,77,321,5.25,33.5,,110,7.55,4.81,Green Bay Packers / 3rd / 92nd pick / 2022,
Josiah Deguara,TE,74,242,4.72,35.5,25,115,7.15,4.35,Green Bay Packers / 3rd / 94th pick / 2020,
Romeo Doubs,WR,74,201,,,,,,,Green Bay Packers / 4th / 132nd pick / 2022,
Kamal Martin,LB,75,240,,,,,,,Green Bay Packers / 5th / 175th pick / 2020,
Kingsley Enagbare,DE,76,258,4.87,36.5,,117,,,Green Bay Packers / 5th / 179th pick / 2022,
Jon Runyan,OL,76,306,5.08,30.5,24,107,7.57,4.69,Green Bay Packers / 6th / 192nd pick / 2020,
Jake Hanson,OL,76,303,5.5,,33,,,,Green Bay Packers / 6th / 208th pick / 2020,
Simon Stepaniak,OL,76,313,,,37,,,,Green Bay Packers / 6th / 209th pick / 2020,
Jonathan Ford,DT,77,333,,29,,102,,,Green Bay Packers / 7th / 234th pick / 2022,
Jonathan Garvin,DL,76,263,4.82,36,23,125,,,Green Bay Packers / 7th / 242nd pick / 2020,
Adam Trautman,TE,77,255,4.8,34.5,18,114,6.78,4.27,New Orleans Saints / 3rd / 105th pick / 2020,66.7
Rasheed Walker,OT,78,313,,,,,,,Green Bay Packers / 7th / 249th pick / 2022,
Kenyon Green,OG,76,323,5.24,26,20,102,,5.12,Houston Texans / 1st / 15th pick / 2022,
Derek Stingley,CB,73,190,,,,,,,Houston Texans / 1st / 3rd pick / 2022,
Jalen Pitre,S,71,198,,35,16,,6.74,4.18,Houston Texans / 2nd / 37th pick / 2022,
Ross Blacklock,DL,75,290,4.9,29,,107,7.77,4.67,Houston Texans / 2nd / 40th pick / 2020,
Jelani Woods,TE,79,259,4.61,,24,,,,Indianapolis Colts / 3rd / 73rd pick / 2022,64.9
John Metchie,WR,71,187,,,,,,,Houston Texans / 2nd / 44th pick / 2022,
Christian Harris,LB,73,226,4.44,34.5,,132,,,Houston Texans / 3rd / 75th pick / 2022,
Jonathan Greenard,DL,75,263,4.87,30.5,22,113,7.13,4.34,Houston Texans / 3rd / 90th pick / 2020,
Dameon Pierce,RB,70,218,4.59,34.5,21,119,,,Houston Texans / 4th / 107th pick / 2022,78.9
Charlie Heck,OL,80,311,5.16,28,21,112,8.02,4.86,Houston Texans / 4th / 126th pick / 2020,
John Reid,CB,70,187,4.49,36.5,20,129,6.95,3.97,Houston Texans / 4th / 141st pick / 2020,
Thomas Booker,DT,75,301,4.94,,,110,7.33,4.41,Houston Texans / 5th / 150th pick / 2022,
Teagan Quitoriano,TE,78,258,,,22,,,,Houston Texans / 5th / 170th pick / 2022,
Isaiah Coulter,WR,74,198,4.45,36,,121,7.28,4.62,Houston Texans / 5th / 171st pick / 2020,
Austin Deculus,OT,77,321,5.08,28.5,,109,,4.99,Houston Texans / 6th / 205th pick / 2022,
Michael Pittman,WR,76,223,4.52,36.5,13,121,6.96,4.14,Indianapolis Colts / 2nd / 34th pick / 2020,
Jonathan Taylor,RB,70,226,4.39,36,17,123,7.01,4.24,Indianapolis Colts / 2nd / 41st pick / 2020,67.6
Alec Pierce,WR,75,211,4.41,40.5,,129,7.13,4.28,Indianapolis Colts / 2nd / 53rd pick / 2022,
Daniel Bellinger,TE,77,253,4.63,34.5,22,125,7.05,4.47,New York Giants / 4th / 112th pick / 2022,60.2
Julian Blackmon,S,73,187,,,,,,,Indianapolis Colts / 3rd / 85th pick / 2020,
Nick Cross,S,73,212,4.34,37,,130,,,Indianapolis Colts / 3rd / 96th pick / 2022,
Jacob Eason,QB,78,231,4.89,27.5,,110,7.5,4.75,Indianapolis Colts / 4th / 122nd pick / 2020,
Danny Pinter,OL,76,306,4.91,29.5,24,110,7.76,4.62,Indianapolis Colts / 5th / 149th pick / 2020,
Rob Windsor,DL,76,290,4.9,28.5,21,111,7.47,4.44,Indianapolis Colts / 6th / 193rd pick / 2020,
Dezmon Patmon,WR,76,225,4.48,36,15,132,7.28,4.38,Indianapolis Colts / 6th / 212th pick / 2020,
Travon Walker,DE,77,272,4.51,35.5,,123,6.89,4.32,Jacksonville Jaguars / 1st / 1st pick / 2022,
K'Lavon Chaisson,LB,75,254,,,,,,,Jacksonville Jaguars / 1st / 20th pick / 2020,
Devin Lloyd,LB,75,237,4.66,35,25,126,,,Jacksonville Jaguars / 1st / 27th pick / 2022,
C.J. Henderson,CB,73,204,4.39,37.5,20,127,,,Jacksonville Jaguars / 1st / 9th pick / 2020,
Laviska Shenault Jr.,WR,73,227,4.58,,17,,,,Jacksonville Jaguars / 2nd / 42nd pick / 2020,
Chad Muma,LB,75,239,4.63,40,27,129,7.06,4.28,Jacksonville Jaguars / 3rd / 70th pick / 2022,
DaVon Hamilton,DL,76,320,5.14,29.5,33,102,7.72,,Jacksonville Jaguars / 3rd / 73rd pick / 2020,
Ben Bartch,OL,78,309,,,,,,,Jacksonville Jaguars / 4th / 116th pick / 2020,
Josiah Scott,CB,69,185,4.42,,17,,,,Jacksonville Jaguars / 4th / 137th pick / 2020,
Shaquille Quarterman,LB,73,234,4.74,31,23,120,,,Jacksonville Jaguars / 4th / 140th pick / 2020,
Snoop Conner,RB,70,222,4.59,29.5,25,118,,,Jacksonville Jaguars / 5th / 154th pick / 2022,
Daniel Thomas,S,70,215,4.51,37,24,125,,,Jacksonville Jaguars / 5th / 157th pick / 2020,
Collin Johnson,WR,78,222,,,17,,,,Jacksonville Jaguars / 5th / 165th pick / 2020,
Jake Luton,QB,78,224,,,,,,,Jacksonville Jaguars / 6th / 189th pick / 2020,
Montaric Brown,CB,73,196,4.55,,,,,,Jacksonville Jaguars / 7th / 222nd pick / 2022,
George Karlaftis,EDGE,76,266,,38,21,121,,4.36,Kansas City Chiefs / 1st / 30th pick / 2022,
Clyde Edwards-Helaire,RB,67,207,4.6,39.5,15,123,,,Kansas City Chiefs / 1st / 32nd pick / 2020,
Skyy Moore,WR,70,195,4.41,34.5,,125,7.13,4.32,Kansas City Chiefs / 2nd / 54th pick / 2022,
Bryan Cook,S,73,206,,,,,,,Kansas City Chiefs / 2nd / 62nd pick / 2022,
Leo Chenal,LB,75,250,4.53,40.5,,128,,,Kansas City Chiefs / 3rd / 103rd pick / 2022,
Lucas Niang,OL,78,315,,,,,,,Kansas City Chiefs / 3rd / 96th pick / 2020,
Cam Akers,RB,70,217,4.47,35.5,20,122,,4.42,Los Angeles Rams / 2nd / 52nd pick / 2020,80.7
Joshua Williams,CB,75,195,4.53,36,,124,,,Kansas City Chiefs / 4th / 135th pick / 2022,
Darian Kinnard,OG,77,322,5.31,25,,99,8.11,4.96,Kansas City Chiefs / 5th / 145th pick / 2022,
BoPete Keyes,CB,73,202,,36,,126,,,Kansas City Chiefs / 7th / 237th pick / 2020,
Jaylen Watson,CB,74,197,4.51,,18,,,,Kansas City Chiefs / 7th / 243rd pick / 2022,
Isiah Pacheco,RB,70,216,4.37,33,,118,,,Kansas City Chiefs / 7th / 251st pick / 2022,76.2
Henry Ruggs III,WR,71,188,4.27,42,,131,,,Las Vegas Raiders / 1st / 12th pick / 2020,
Damon Arnette,CB,73,195,4.56,,,,,,Las Vegas Raiders / 1st / 19th pick / 2020,
Tanner Muse,S,74,227,4.41,34.5,20,124,,,Las Vegas Raiders / 3rd / 100th pick / 2020,
Lynn Bowden,WR,71,204,,,13,,,,Las Vegas Raiders / 3rd / 80th pick / 2020,
Bryan Edwards,WR,75,212,,,,,,,Las Vegas Raiders / 3rd / 81st pick / 2020,
Dylan Parham,OG,75,311,4.93,26.5,,108,7.78,4.7,Las Vegas Raiders / 3rd / 90th pick / 2022,
John Simpson,OL,76,321,5.24,30,34,107,8.03,4.87,Las Vegas Raiders / 4th / 109th pick / 2020,
Zamir White,RB,73,214,4.4,33.5,,128,,,Las Vegas Raiders / 4th / 122nd pick / 2022,
Neil Farrell,DT,76,330,5.41,21.5,,,8.41,,Las Vegas Raiders / 4th / 126th pick / 2022,
Amik Robertson,CB,68,187,,,,,,,Las Vegas Raiders / 4th / 139th pick / 2020,
Matthew Butler,DT,76,297,5,32,17,112,7.89,4.81,Las Vegas Raiders / 5th / 175th pick / 2022,
Thayer Munford,OT,78,328,5.39,22,,104,,,Las Vegas Raiders / 7th / 238th pick / 2022,
Zion Johnson,OG,75,312,5.18,32,32,112,7.38,4.46,Los Angeles Chargers / 1st / 17th pick / 2022,
Kenneth Murray,LB,74,241,4.52,38,21,129,,,Los Angeles Chargers / 1st / 23rd pick / 2020,
Justin Herbert,QB,78,236,4.68,35.5,,123,7.06,4.46,Los Angeles Chargers / 1st / 6th pick / 2020,77.9
JT Woods,S,74,195,4.36,39.5,,128,,,Los Angeles Chargers / 3rd / 79th pick / 2022,
Joshua Kelley,RB,71,212,4.49,31,23,121,6.95,4.28,Los Angeles Chargers / 4th / 112th pick / 2020,
Isaiah Spiller,RB,73,217,,30,,114,,,Los Angeles Chargers / 4th / 123rd pick / 2022,
Joe Reed,WR,73,224,4.47,38,21,123,,,Los Angeles Chargers / 5th / 151st pick / 2020,
Otito Ogbonnia,DT,76,324,,,29,,,,Los Angeles Chargers / 5th / 160th pick / 2022,
Alohi Gilman,S,70,201,4.6,32,17,119,6.81,4.08,Los Angeles Chargers / 6th / 186th pick / 2020,
K.J. Hill,WR,73,196,4.6,32.5,17,114,,,Los Angeles Chargers / 7th / 220th pick / 2020,
Van Jefferson,WR,73,200,,,,,,,Los Angeles Rams / 2nd / 57th pick / 2020,
Terrell Burgess,S,71,202,4.46,33.5,20,122,,,Los Angeles Rams / 3rd / 104th pick / 2020,
Logan Bruss,OG,77,309,5.32,31,,112,7.57,4.55,Los Angeles Rams / 3rd / 104th pick / 2022,
Terrell Lewis,LB,77,262,,37,,124,,,Los Angeles Rams / 3rd / 84th pick / 2020,
Brycen Hopkins,TE,76,245,4.66,33.5,21,116,7.25,4.28,Los Angeles Rams / 4th / 136th pick / 2020,
Cobie Durant,CB,70,180,4.38,,,,,,Los Angeles Rams / 4th / 142nd pick / 2022,
Kyren Williams,RB,69,194,4.65,32,,116,,,Los Angeles Rams / 5th / 164th pick / 2022,
Jordan Fuller,S,74,203,4.67,35.5,,122,,4.27,Los Angeles Rams / 6th / 199th pick / 2020,
Quentin Lake,S,73,201,4.59,,,,,,Los Angeles Rams / 6th / 211th pick / 2022,
Derion Kendrick,CB,73,194,,,,,,,Los Angeles Rams / 6th / 212th pick / 2022,
Justin Jefferson,WR,73,202,4.43,37.5,,126,,,Minnesota Vikings / 1st / 22nd pick / 2020,90.2
Clay Johnston,LB,73,227,,,18,,,,Los Angeles Rams / 7th / 234th pick / 2020,
Tremayne Anchrum,OL,74,314,5.21,24.5,26,104,,,Los Angeles Rams / 7th / 250th pick / 2020,
Austin Jackson,OL,77,322,5.07,31,27,115,7.95,,Miami Dolphins / 1st / 18th pick / 2020,
Noah Igbinoghene,CB,70,198,4.48,37,15,128,,,Miami Dolphins / 1st / 30th pick / 2020,
Tua Tagovailoa,QB,73,217,,,,,,,Miami Dolphins / 1st / 5th pick / 2020,81.9
Robert Hunt,OL,77,323,,,,,,,Miami Dolphins / 2nd / 39th pick / 2020,
Raekwon Davis,DL,78,311,5.12,28,24,111,7.95,4.86,Miami Dolphins / 2nd / 56th pick / 2020,
Channing Tindall,LB,74,230,4.47,42,,129,,,Miami Dolphins / 3rd / 102nd pick / 2022,
Brandon Jones,S,71,198,,,,,,,Miami Dolphins / 3rd / 70th pick / 2020,
Garrett Wilson,WR,73,183,4.38,36,,123,,4.36,New York Jets / 1st / 10th pick / 2022,82.7
Solomon Kindley,OL,75,337,,,,,,,Miami Dolphins / 4th / 111th pick / 2020,
Erik Ezukanma,WR,74,209,,36.5,,126,,4.38,Miami Dolphins / 4th / 125th pick / 2022,
Chris Olave,WR,73,187,4.39,32,,124,,,New Orleans Saints / 1st / 11th pick / 2022,82.5
Jason Strowbridge,DL,76,275,4.89,31,26,113,7.45,4.37,Miami Dolphins / 5th / 154th pick / 2020,
Curtis Weaver,LB,74,265,,32.5,,116,7,4.27,Miami Dolphins / 5th / 164th pick / 2020,
Blake Ferguson,LS,75,229,5.07,31,,112,7.43,4.52,Miami Dolphins / 6th / 185th pick / 2020,
Malcolm Perry,WR,69,186,4.63,36,10,122,7.12,4.31,Miami Dolphins / 7th / 246th pick / 2020,
Skylar Thompson,QB,74,217,4.91,31,,112,7,4.28,Miami Dolphins / 7th / 247th pick / 2022,
Jeff Gladney,CB,70,191,4.48,37.5,17,124,7.26,,Minnesota Vikings / 1st / 31st pick / 2020,
Lewis Cine,S,74,199,4.37,36.5,,133,,,Minnesota Vikings / 1st / 32nd pick / 2022,
Andrew Booth,CB,73,194,,,,,,,Minnesota Vikings / 2nd / 42nd pick / 2022,
Ezra Cleveland,OL,78,311,4.93,30,30,111,7.26,4.46,Minnesota Vikings / 2nd / 58th pick / 2020,
Ed Ingram,OG,75,307,5.02,20.5,,102,7.81,4.76,Minnesota Vikings / 2nd / 59th pick / 2022,
Brian Asamoah,LB,73,226,4.56,36.5,,124,,,Minnesota Vikings / 3rd / 66th pick / 2022,
Cameron Dantzler,CB,74,188,4.64,34.5,,,,,Minnesota Vikings / 3rd / 89th pick / 2020,
D.J. Wonnum,DL,77,258,4.73,34.5,20,123,7.25,4.44,Minnesota Vikings / 4th / 117th pick / 2020,
Akayleb Evans,CB,74,197,4.46,36,,129,,,Minnesota Vikings / 4th / 118th pick / 2022,
James Lynch,DL,76,289,5.01,29,23,111,7.39,4.39,Minnesota Vikings / 4th / 130th pick / 2020,
Troy Dye,LB,75,231,,,,,,,Minnesota Vikings / 4th / 132nd pick / 2020,
Esezi Otomewo,DE,77,282,,,,,,,Minnesota Vikings / 5th / 165th pick / 2022,
Harrison Hand,CB,71,197,4.52,41,14,133,7.15,4.27,Minnesota Vikings / 5th / 169th pick / 2020,
Tykevious Chandler,RB,71,204,4.38,31,,121,,,Minnesota Vikings / 5th / 169th pick / 2022,
K.J. Osborn,WR,71,203,4.48,37.5,18,123,7,4.35,Minnesota Vikings / 5th / 176th pick / 2020,
Vederian Lowe,OT,77,314,5.22,25.5,,99,7.83,4.71,Minnesota Vikings / 6th / 184th pick / 2022,
Jalen Nailor,WR,71,186,4.5,38,,128,7.03,4.28,Minnesota Vikings / 6th / 191st pick / 2022,
Josh Metellus,S,71,209,4.55,36.5,20,124,6.94,4.4,Minnesota Vikings / 6th / 205th pick / 2020,
Kenny Willekes,DL,75,264,4.87,32.5,32,119,7.39,,Minnesota Vikings / 7th / 225th pick / 2020,
Nate Stanley,QB,76,235,4.81,28.5,,108,7.26,4.48,Minnesota Vikings / 7th / 244th pick / 2020,
Brian Cole II,S,74,213,4.52,,,,,,Minnesota Vikings / 7th / 249th pick / 2020,
Cole Strange,OG,77,307,5.03,28,31,120,7.44,4.5,New England Patriots / 1st / 29th pick / 2022,
Tyquan Thornton,WR,74,181,4.28,36.5,,130,,,New England Patriots / 2nd / 50th pick / 2022,
Dalton Keene,TE,76,253,4.71,34,21,125,7.07,4.19,New England Patriots / 3rd / 101st pick / 2020,
Anfernee Jennings,LB,74,256,,,,,,,New England Patriots / 3rd / 87th pick / 2020,
Devin Asiasi,TE,75,257,4.73,30.5,16,115,,,New England Patriots / 3rd / 91st pick / 2020,
Pierre Strong,RB,71,207,4.37,36,,124,,,New England Patriots / 4th / 127th pick / 2022,
Bailey Zappe,QB,73,215,4.88,30,,109,7.19,4.4,New England Patriots / 4th / 137th pick / 2022,
Mike Onwenu,OL,75,344,,,26,,,,New England Patriots / 6th / 182nd pick / 2020,
Kevin Harris,RB,70,221,,38.5,21,126,,,New England Patriots / 6th / 183rd pick / 2022,
Justin Herron,OL,76,308,5.26,33,27,105,8.41,4.88,New England Patriots / 6th / 195th pick / 2020,
Chasen Hines,C,75,327,5.22,30.5,,108,,,New England Patriots / 6th / 210th pick / 2022,
Andrew Stueber,OT,79,325,,24.5,,101,7.94,4.9,New England Patriots / 7th / 245th pick / 2022,
Trevor Penning,OT,79,325,4.89,28,,111,7.25,4.62,New Orleans Saints / 1st / 19th pick / 2022,
Cesar Ruiz,OL,75,307,5.08,33,28,113,7.91,4.64,New Orleans Saints / 1st / 24th pick / 2020,
Alontae Taylor,CB,73,199,4.36,34.5,,128,,,New Orleans Saints / 2nd / 49th pick / 2022,
Zack Baun,LB,74,238,4.65,32.5,24,115,7,4.31,New Orleans Saints / 3rd / 74th pick / 2020,
D'Marco Jackson,LB,73,233,4.55,33,,125,,,New Orleans Saints / 5th / 161st pick / 2022,
Jordan Jackson,DT,77,294,,,,,,,New Orleans Saints / 6th / 194th pick / 2022,
Evan Neal,OT,80,337,,,,,,,New York Giants / 1st / 7th pick / 2022,
Xavier McKinney,S,73,201,4.63,36,19,122,,,New York Giants / 2nd / 36th pick / 2020,
Wan'Dale Robinson,WR,68,178,4.44,34.5,,118,,,New York Giants / 2nd / 43rd pick / 2022,
Joshua Ezeudu,OG,76,308,5.19,28.5,,105,7.83,4.56,New York Giants / 3rd / 67th pick / 2022,
Matt Peart,OL,79,318,5.06,30,26,113,8.01,4.92,New York Giants / 3rd / 99th pick / 2020,
Darnay Holmes,CB,70,195,4.48,,12,,,,New York Giants / 4th / 110th pick / 2020,
Dane Belton,S,73,205,4.43,36.5,,123,7.01,4.24,New York Giants / 4th / 114th pick / 2022,
Micah McFadden,LB,73,240,,,21,,,,New York Giants / 5th / 146th pick / 2022,
DJ Davidson,DT,75,327,,28,23,,7.85,4.72,New York Giants / 5th / 147th pick / 2022,
Shane Lemieux,OL,76,310,5.11,25.5,,107,8.13,4.9,New York Giants / 5th / 150th pick / 2020,
Marcus McKethan,OG,79,340,5.31,27.5,27,110,7.81,4.99,New York Giants / 5th / 173rd pick / 2022,
Darrian Beavers,LB,76,237,,36.5,,125,6.91,,New York Giants / 6th / 182nd pick / 2022,
Cameron Brown,LB,77,233,4.72,35.5,16,123,,,New York Giants / 6th / 183rd pick / 2020,
Carter Coughlin,LB,75,236,4.57,36,,126,,,New York Giants / 7th / 218th pick / 2020,
Mekhi Becton,OL,79,364,5.1,,23,,,,New York Jets / 1st / 11th pick / 2020,
Ahmad Gardner,CB,75,190,4.41,,,,,,New York Jets / 1st / 4th pick / 2022,
Breece Hall,RB,71,217,4.39,40,,126,,,New York Jets / 2nd / 36th pick / 2022,
Denzel Mims,WR,75,207,4.38,38.5,16,131,6.66,4.43,New York Jets / 2nd / 59th pick / 2020,
Jeremy Ruckert,TE,77,250,,,19,,,,New York Jets / 3rd / 101st pick / 2022,
Ashtyn Davis,S,73,202,,,14,,,,New York Jets / 3rd / 68th pick / 2020,
Jabari Zuniga,DL,75,264,4.64,33,29,127,,,New York Jets / 3rd / 79th pick / 2020,
Max Mitchell,OT,78,307,5.32,25,,106,8.09,4.65,New York Jets / 4th / 111th pick / 2022,
Micheal Clemons,DE,77,263,,,24,116,,,New York Jets / 4th / 117th pick / 2022,78.7
La'Mical Perine,RB,71,216,4.62,35,22,118,7.13,4.31,New York Jets / 4th / 120th pick / 2020,
James Morgan,QB,76,229,4.89,29,,112,7.51,4.64,New York Jets / 4th / 125th pick / 2020,
Cameron Clark,OL,76,308,5.29,25,26,101,,,New York Jets / 4th / 129th pick / 2020,
Bryce Hall,CB,73,202,,,11,,,,New York Jets / 5th / 158th pick / 2020,
Braden Mann,P,71,198,4.83,31,,111,7.03,4.13,New York Jets / 6th / 191st pick / 2020,
Jordan Davis,DT,78,341,4.78,32,,123,,,Philadelphia Eagles / 1st / 13th pick / 2022,72.6
Jalen Reagor,WR,71,206,4.47,42,17,138,7.31,4.46,Philadelphia Eagles / 1st / 21st pick / 2020,
Cameron Jurgens,C,75,303,4.92,,25,,,,Philadelphia Eagles / 2nd / 51st pick / 2022,
Jalen Hurts,QB,73,222,4.59,35,,125,,,Philadelphia Eagles / 2nd / 53rd pick / 2020,88.2
Davion Taylor,LB,73,228,4.49,35,21,127,6.96,4.26,Philadelphia Eagles / 3rd / 103rd pick / 2020,
Nakobe Dean,LB,71,229,,,,,,,Philadelphia Eagles / 3rd / 83rd pick / 2022,
K'Von Wallace,S,71,206,4.53,38,18,133,6.76,4.15,Philadelphia Eagles / 4th / 127th pick / 2020,
Jack Driscoll,OL,77,306,5.02,29.5,23,114,,,Philadelphia Eagles / 4th / 145th pick / 2020,
John Hightower,WR,73,189,4.43,38.5,,122,7.07,4.21,Philadelphia Eagles / 5th / 168th pick / 2020,
Shaun Bradley,LB,73,235,4.51,32.5,14,121,7.07,4.24,Philadelphia Eagles / 6th / 196th pick / 2020,
Grant Calcaterra,TE,76,241,4.62,,20,,,,Philadelphia Eagles / 6th / 198th pick / 2022,
Quez Watkins,WR,73,185,4.35,36.5,,125,7.28,4.36,Philadelphia Eagles / 6th / 200th pick / 2020,
Prince Tega Wanogho,OL,77,308,,,,,,,Philadelphia Eagles / 6th / 210th pick / 2020,
Casey Toohill,LB,76,250,4.62,39,17,126,7.08,4.21,Philadelphia Eagles / 7th / 233rd pick / 2020,
Kenny Pickett,QB,75,217,4.73,33.5,,121,,4.29,Pittsburgh Steelers / 1st / 20th pick / 2022,75.5
Chase Claypool,WR,76,238,4.42,40.5,19,126,,,Pittsburgh Steelers / 2nd / 49th pick / 2020,
George Pickens,WR,75,195,4.47,33,,125,,,Pittsburgh Steelers / 2nd / 52nd pick / 2022,
Alex Highsmith,DL,75,248,4.7,33,,125,7.32,4.31,Pittsburgh Steelers / 3rd / 102nd pick / 2020,78.0
DeMarvin Leal,DT,76,283,5,27.5,,106,,4.49,Pittsburgh Steelers / 3rd / 84th pick / 2022,
Anthony McFarland,RB,68,208,4.44,29.5,,116,,,Pittsburgh Steelers / 4th / 124th pick / 2020,
Calvin Austin,WR,68,170,4.32,39,,135,6.65,4.07,Pittsburgh Steelers / 4th / 138th pick / 2022,
Antoine Brooks Jr.,S,71,220,4.64,34.5,18,,,,Pittsburgh Steelers / 6th / 198th pick / 2020,
Connor Heyward,TE,71,233,4.72,32.5,,,,,Pittsburgh Steelers / 6th / 208th pick / 2022,
Carlos Davis,DL,74,313,4.82,,27,,,4.52,Pittsburgh Steelers / 7th / 232nd pick / 2020,
Javon Kinlaw,DL,77,324,,,,,,,San Francisco 49ers / 1st / 14th pick / 2020,
Brandon Aiyuk,WR,73,205,4.5,40,11,128,,,San Francisco 49ers / 1st / 25th pick / 2020,78.7
Drake Jackson,EDGE,75,254,,36.5,,127,,,San Francisco 49ers / 2nd / 61st pick / 2022,
Danny Gray,WR,73,186,4.33,34,,126,,,San Francisco 49ers / 3rd / 105th pick / 2022,
Tyrion Davis-Price,RB,73,211,4.48,30,,117,,,San Francisco 49ers / 3rd / 93rd pick / 2022,
Spencer Burford,OG,76,304,5.19,27.5,,105,,4.73,San Francisco 49ers / 4th / 134th pick / 2022,
Colton McKivitz,OL,78,306,5.35,26,20,106,7.87,5,San Francisco 49ers / 5th / 153rd pick / 2020,
Nick Zakelj,OT,78,316,5.13,28.5,27,110,7.75,4.71,San Francisco 49ers / 6th / 187th pick / 2022,
Charlie Woerner,TE,77,244,4.78,34.5,21,120,7.18,4.46,San Francisco 49ers / 6th / 190th pick / 2020,
Kalia Davis,DT,73,302,,,,,,,San Francisco 49ers / 6th / 220th pick / 2022,
Tariq Castro-Fields,CB,73,197,4.38,,,,,,San Francisco 49ers / 6th / 221st pick / 2022,
Jauan Jennings,WR,75,215,4.72,29,,119,,,San Francisco 49ers / 7th / 217th pick / 2020,
Brock Purdy,QB,73,212,4.84,27,,,7.21,4.45,San Francisco 49ers / 7th / 262nd pick / 2022,77.7
Jordyn Brooks,LB,73,240,4.54,,,,,,Seattle Seahawks / 1st / 27th pick / 2020,
Charles Cross,OT,77,307,4.95,26,,112,7.88,4.61,Seattle Seahawks / 1st / 9th pick / 2022,
Boye Mafe,EDGE,76,261,4.53,38,,125,,,Seattle Seahawks / 2nd / 40th pick / 2022,
Kenneth Walker,RB,69,211,4.38,34,,122,,,Seattle Seahawks / 2nd / 41st pick / 2022,
Darrell Taylor,LB,76,267,,,,,,,Seattle Seahawks / 2nd / 48th pick / 2020,
Damien Lewis,OL,74,327,5.24,30,27,108,,,Seattle Seahawks / 3rd / 69th pick / 2020,
Abraham Lucas,OT,78,315,4.92,27,24,107,7.25,4.4,Seattle Seahawks / 3rd / 72nd pick / 2022,68.4
Coby Bryant,CB,73,193,4.54,,17,,,,Seattle Seahawks / 4th / 109th pick / 2022,
Colby Parkinson,TE,79,252,4.77,32.5,18,109,7.15,4.46,Seattle Seahawks / 4th / 133rd pick / 2020,68.1
DeeJay Dallas,RB,70,217,4.58,33.5,,119,7.18,4.32,Seattle Seahawks / 4th / 144th pick / 2020,
Alton Robinson,DL,75,264,4.69,35.5,25,119,7.32,4.32,Seattle Seahawks / 5th / 148th pick / 2020,
Tariq Woolen,CB,76,205,4.26,42,,,,,Seattle Seahawks / 5th / 153rd pick / 2022,69.1
Tyreke Smith,EDGE,75,254,4.86,34,,117,,,Seattle Seahawks / 5th / 158th pick / 2022,
Freddie Swain,WR,73,197,4.46,36.5,16,124,7.05,4.26,Seattle Seahawks / 6th / 214th pick / 2020,
Bo Melton,WR,71,189,4.34,38,,121,6.98,,Seattle Seahawks / 7th / 229th pick / 2022,
Stephen Sullivan,TE,77,248,4.66,36.5,,123,7.51,4.62,Seattle Seahawks / 7th / 251st pick / 2020,
Tristan Wirfs,OL,77,320,4.85,36.5,24,121,7.65,4.68,Tampa Bay Buccaneers / 1st / 13th pick / 2020,83.1
Logan Hall,DE,78,283,4.88,30,,,7.25,4.44,Tampa Bay Buccaneers / 2nd / 33rd pick / 2022,
Antoine Winfield Jr.,S,69,203,4.45,36,,124,,,Tampa Bay Buccaneers / 2nd / 45th pick / 2020,78.7
Luke Goedeke,OG,77,312,,,26,,,,Tampa Bay Buccaneers / 2nd / 57th pick / 2022,
Ke'Shawn Vaughn,RB,70,214,4.51,32,,117,,,Tampa Bay Buccaneers / 3rd / 76th pick / 2020,
Rachaad White,RB,73,214,4.48,38,,125,,,Tampa Bay Buccaneers / 3rd / 91st pick / 2022,68.2
Cade Otton,TE,77,247,,,,,,,Tampa Bay Buccaneers / 4th / 106th pick / 2022,58.2
Jake Camarda,P,73,193,4.56,,,,,,Tampa Bay Buccaneers / 4th / 133rd pick / 2022,
Zyon McCollum,CB,74,199,4.33,39.5,,132,6.48,3.94,Tampa Bay Buccaneers / 5th / 157th pick / 2022,
Tyler Johnson,WR,73,206,,,,,,,Tampa Bay Buccaneers / 5th / 161st pick / 2020,
Khalil Davis,DL,73,308,4.75,,32,,,,Tampa Bay Buccaneers / 6th / 194th pick / 2020,
Chapelle Russell,LB,74,236,4.69,35,21,121,7.38,4.41,Tampa Bay Buccaneers / 7th / 241st pick / 2020,
Raymond Calais,RB,68,188,4.42,37.5,20,120,,,Tampa Bay Buccaneers / 7th / 245th pick / 2020,
Treylon Burks,WR,74,225,4.55,33,,122,7.28,,Tennessee Titans / 1st / 18th pick / 2022,74.1
Isaiah Wilson,OL,78,350,5.32,29,26,110,8.26,5.07,Tennessee Titans / 1st / 29th pick / 2020,
Roger McCreary,CB,71,190,4.5,,,,,,Tennessee Titans / 2nd / 35th pick / 2022,
Kristian Fulton,CB,73,197,4.46,35.5,,123,6.94,4.36,Tennessee Titans / 2nd / 61st pick / 2020,
Nicholas Petit-Frere,OT,77,316,5.14,24.5,,103,,,Tennessee Titans / 3rd / 69th pick / 2022,
Malik Willis,QB,73,219,,,,,,,Tennessee Titans / 3rd / 86th pick / 2022,
Darrynton Evans,RB,70,203,4.41,37,20,125,,,Tennessee Titans / 3rd / 93rd pick / 2020,
Hassan Haskins,RB,74,228,,,27,,,,Tennessee Titans / 4th / 131st pick / 2022,
Chigoziem Okonkwo,TE,75,238,4.52,35.5,,,,,Tennessee Titans / 4th / 143rd pick / 2022,75.4
Kyle Philips,WR,71,189,4.58,33.5,,124,,,Tennessee Titans / 5th / 163rd pick / 2022,
Larrell Murchison,DL,74,297,5.05,29,29,118,7.89,4.51,Tennessee Titans / 5th / 174th pick / 2020,
Chance Campbell,LB,74,232,4.57,39.5,,127,,,Tennessee Titans / 6th / 219th pick / 2022,
Cole McDonald,QB,75,215,4.58,36,,121,7.13,4.52,Tennessee Titans / 7th / 224th pick / 2020,
Jahan Dotson,WR,71,178,4.43,36,,121,7.28,,Washington Commanders / 1st / 16th pick / 2022,70.5
Phidarian Mathis,DT,76,310,,23.5,,109,,4.91,Washington Commanders / 2nd / 47th pick / 2022,
Brian Robinson,RB,74,225,4.53,30,,119,,,Washington Commanders / 3rd / 98th pick / 2022,
Percy Butler,S,73,194,4.36,31.5,,123,,,Washington Commanders / 4th / 113th pick / 2022,
Sam Howell,QB,73,218,,,,,,,Washington Commanders / 5th / 144th pick / 2022,
Cole Turner,TE,78,246,4.76,27,17,120,7.06,4.41,Washington Commanders / 5th / 149th pick / 2022,
Chris Paul,OG,76,323,4.89,27,,109,7.74,4.83,Washington Commanders / 7th / 230th pick / 2022,
Chase Young,DL,77,264,,,,,,,Washington Football Team / 1st / 2nd pick / 2020,
Antonio Gibson,WR,73,228,4.39,35,16,118,,,Washington Football Team / 3rd / 66th pick / 2020,76.3
Saahdiq Charles,OL,76,321,5.05,,,,,,Washington Football Team / 4th / 108th pick / 2020,
Antonio Gandy-Golden,WR,76,223,4.6,36,22,127,7.33,4.55,Washington Football Team / 4th / 142nd pick / 2020,
Keith Ismael,OL,75,309,5.34,32,,108,8.14,4.65,Washington Football Team / 5th / 156th pick / 2020,
Khaleke Hudson,LB,71,224,4.56,33,30,120,,,Washington Football Team / 5th / 162nd pick / 2020,
Kamren Curl,S,73,206,4.6,34.5,24,125,,,Washington Football Team / 7th / 216th pick / 2020,82.9
James Smith-Williams,DL,76,265,4.6,32,28,123,7.35,4.52,Washington Football Team / 7th / 229th pick / 2020,
Johnathan Abram,S,71,205,4.45,,,116,,,Oakland Raiders / 1st / 27th pick / 2019,
Paul Adams,OT,78,317,5.18,27,16,103,7.68,4.74,,
Nasir Adderley,S,72,206,,,,,,,Los Angeles Chargers / 2nd / 60th pick / 2019,
Azeez Al-Shaair,LB,73,234,,,16,,,,,74.4
Otaro Alaka,LB,75,239,4.82,36,20,131,,,,
Dakota Allen,LB,73,232,4.77,31.5,23,116,6.88,4.04,Los Angeles Rams / 7th / 251st pick / 2019,
Josh Allen,EDGE,77,262,4.63,,28,118,7.15,4.23,Jacksonville Jaguars / 1st / 7th pick / 2019,84.7
Josh Allen,EDGE,77,262,4.63,,28,118,7.15,4.23,Jacksonville Jaguars / 1st / 7th pick / 2019,91.8
Zach Allen,DL,76,281,5,32,24,112,7.34,4.36,Arizona Cardinals / 3rd / 65th pick / 2019,72.7
Bryson Allen-Williams,LB,73,236,4.88,,14,,7.4,,,
Jeff Allison,LB,71,228,4.82,31,12,115,7.2,4.45,,
Ugo Amadi,S,69,199,4.51,32.5,18,115,7.21,4.19,Seattle Seahawks / 4th / 132nd pick / 2019,
Rodney Anderson,RB,72,224,,,25,,,,Cincinnati Bengals / 6th / 211th pick / 2019,
J.J. Arcega-Whiteside,WR,74,225,,,,,,,Philadelphia Eagles / 2nd / 57th pick / 2019,
Ryquell Armstead,RB,71,220,4.45,30,22,114,7.02,4.29,Jacksonville Jaguars / 5th / 140th pick / 2019,
Blessuan Austin,CB,73,198,,,15,,,,New York Jets / 6th / 196th pick / 2019,
Jake Bailey,P,73,200,4.72,33,,117,,,New England Patriots / 5th / 163rd pick / 2019,
Zack Bailey,OL,77,299,,28,24,103,,,,
Derrick Baity,CB,74,197,,38.5,10,127,7.06,4.31,,
Deandre Baker,CB,71,193,4.52,,14,118,,,New York Giants / 1st / 30th pick / 2019,
Corey Ballentine,CB,71,196,4.47,39.5,15,135,6.82,4.14,New York Giants / 6th / 180th pick / 2019,
Ben Banogu,EDGE,75,250,4.62,40,23,134,7.02,4.27,Indianapolis Colts / 2nd / 49th pick / 2019,
Alex Barnes,RB,72,226,4.59,38.5,34,126,6.95,4.1,,
Alex Bars,OL,78,312,,,,,,,,
Cody Barton,LB,74,237,4.64,32.5,30,116,6.9,4.03,Seattle Seahawks / 3rd / 88th pick / 2019,
Jackson Barton,OT,79,310,5.18,27,25,109,7.85,4.66,Indianapolis Colts / 7th / 240th pick / 2019,
Ryan Bates,OL,76,306,5.09,27,28,102,7.45,4.53,,
John Battle,S,72,201,4.67,29.5,,120,7.09,4.33,,
Terry Beckner,DL,76,296,5.19,24.5,28,98,7.97,4.82,Tampa Bay Buccaneers / 7th / 215th pick / 2019,
Mike Bell,S,75,210,4.83,30,10,118,7.1,4.46,,
Beau Benzschawel,OL,78,309,5.24,,20,,,,,
Marquise Blair,S,73,195,4.48,35,,125,,,Seattle Seahawks / 2nd / 47th pick / 2019,
Kendall Blanton,TE,78,262,4.95,31,22,113,7.37,4.42,,
Nick Bosa,DL,76,266,4.79,33.5,29,116,7.1,4.14,San Francisco 49ers / 1st / 2nd pick / 2019,90.6
Kris Boyd,CB,71,201,4.45,36.5,19,127,6.94,4.08,Minnesota Vikings / 7th / 217th pick / 2019,
Miles Boykin,WR,76,220,4.42,43.5,12,140,6.77,4.07,Baltimore Ravens / 3rd / 93rd pick / 2019,
Garrett Bradbury,OL,75,306,4.92,31,34,104,7.41,4.53,Minnesota Vikings / 1st / 18th pick / 2019,67.5
Tyre Brady,WR,75,211,,32,12,117,,4.25,,
Jordan Brailford,EDGE,75,252,4.65,37.5,22,126,,,Washington Redskins / 7th / 253rd pick / 2019,
Nick Brossette,RB,71,209,4.72,35.5,15,118,7.38,4.44,,
Jordan Brown,CB,72,201,4.51,39.5,13,128,,,,
A.J. Brown,WR,72,226,4.49,36.5,19,120,,,Tennessee Titans / 2nd / 51st pick / 2019,87.7
Blace Brown,CB,72,194,4.75,,14,126,7.33,4.22,,
Keenen Brown,TE,74,250,4.75,33,17,117,7.27,4.51,,
Marquise Brown,WR,69,166,,,,,,,Baltimore Ravens / 1st / 25th pick / 2019,69.2
Jake Browning,QB,74,211,4.74,29,,112,7.19,4.44,,
Austin Bryant,EDGE,76,271,,,,,,,Detroit Lions / 4th / 117th pick / 2019,
Isaiah Buggs,DL,75,306,5.15,24.5,20,96,8.01,4.83,Pittsburgh Steelers / 6th / 192nd pick / 2019,
Sean Bunting,CB,72,195,4.42,41.5,14,126,,,Tampa Bay Buccaneers / 2nd / 39th pick / 2019,
Brian Burns,EDGE,77,249,4.53,36,,129,7.01,,Carolina Panthers / 1st / 16th pick / 2019,
Ben Burr-Kirven,LB,72,230,4.56,34.5,21,121,6.85,4.09,Seattle Seahawks / 5th / 142nd pick / 2019,
Devin Bush,LB,71,234,4.43,40.5,21,124,6.93,4.23,Pittsburgh Steelers / 1st / 10th pick / 2019,
Emmanuel Butler,WR,75,217,,36,11,115,,4.22,,
Hakeem Butler,WR,77,227,4.48,36,18,128,,,Arizona Cardinals / 4th / 103rd pick / 2019,
Yodny Cajuste,OT,77,312,,,32,,,,New England Patriots / 3rd / 101st pick / 2019,
Deion Calhoun,OL,74,310,5.07,28.5,26,105,7.46,4.62,,
Parris Campbell,WR,72,205,4.31,40,11,135,,4.03,Indianapolis Colts / 2nd / 59th pick / 2019,
Malik Carney,EDGE,74,251,4.73,33,25,113,7.4,,,
Blake Cashman,LB,73,237,4.5,37.5,18,124,6.95,4.12,New York Jets / 5th / 157th pick / 2019,
Hamp Cheevers,CB,69,169,4.52,39,8,122,6.96,4.25,,
Demarcus Christmas,DL,75,294,5.08,25.5,22,101,8.13,5.07,Seattle Seahawks / 6th / 209th pick / 2019,
L.J. Collier,DL,74,283,4.91,30,25,118,7.71,4.78,Seattle Seahawks / 1st / 29th pick / 2019,
John Cominsky,DL,77,286,4.69,33.5,22,116,7.03,4.38,Atlanta Falcons / 4th / 135th pick / 2019,68.2
Te'von Coney,LB,73,234,,,,,,,,
Ryan Connelly,LB,74,242,4.66,34.5,,118,7.09,4.31,New York Giants / 5th / 143rd pick / 2019,
C.J. Conrad,TE,76,249,,,,,,,,
Byron Cowart,DL,75,298,5.16,30,26,111,,,New England Patriots / 5th / 159th pick / 2019,
Jonathan Crawford,S,73,205,,31.5,16,115,,,,
Xavier Crawford,CB,71,187,4.48,37.5,11,,,,Houston Texans / 6th / 195th pick / 2019,
Maxx Crosby,DL,77,255,4.66,36,,122,6.89,4.13,Oakland Raiders / 4th / 106th pick / 2019,90.1
Jamal Custis,WR,76,214,4.5,34.5,,124,,,,
Dennis Daley,OT,77,317,5.23,26.5,20,103,7.95,4.92,Carolina Panthers / 6th / 212th pick / 2019,
Davante Davis,CB,74,202,4.57,37,14,125,6.76,4.15,,
Deshaun Davis,LB,71,234,,31,25,111,,4.38,Cincinnati Bengals / 6th / 210th pick / 2019,
Felton Davis,WR,75,211,,,21,,,,,
Jamal Davis,EDGE,75,243,4.6,39,19,122,7,4.44,,
Nate Davis,OL,75,316,5.23,26,23,107,7.94,4.83,Tennessee Titans / 3rd / 82nd pick / 2019,
Ryan Davis,WR,70,189,,35,12,124,7.09,4.23,,
Jamel Dean,CB,73,206,4.3,41,16,130,7.02,4.19,Tampa Bay Buccaneers / 3rd / 94th pick / 2019,77.9
Michael Deiter,OL,77,309,5.23,28,21,105,7.88,4.81,Miami Dolphins / 3rd / 78th pick / 2019,
Lukas Denis,S,71,190,4.64,33.5,16,116,6.89,4.09,,
Andre Dillard,OT,77,315,4.96,29,24,118,7.44,4.4,Philadelphia Eagles / 1st / 22nd pick / 2019,
D'Cota Dixon,S,70,204,4.81,33.5,20,119,,,,
Johnnie Dixon,WR,70,201,4.41,37.5,16,120,,4.43,,
Tyrel Dodson,LB,72,237,4.6,,24,118,,,,
Greg Dortch,WR,67,173,,,,,,,,
Keelan Doss,WR,74,211,,,8,,,,,
Ashton Dulin,WR,73,215,4.43,38,13,121,7,4.22,,
Jovon Durante,WR,71,160,4.55,31.5,,120,7,4.31,,
Chuma Edoga,OT,75,308,5.19,,21,,,,New York Jets / 3rd / 92nd pick / 2019,
David Edwards,OT,78,308,5.28,25.5,,99,7.69,4.77,Los Angeles Rams / 5th / 169th pick / 2019,
Mike Edwards,S,70,205,,,,,,,Tampa Bay Buccaneers / 3rd / 99th pick / 2019,
T.J. Edwards,LB,72,230,,,16,,,,,81.6
Emeke Egbule,LB,74,245,4.65,33,20,119,7.38,4.38,Los Angeles Chargers / 6th / 200th pick / 2019,
Bobby Evans,OT,76,312,5.2,,22,,,,Los Angeles Rams / 3rd / 97th pick / 2019,
Noah Fant,TE,76,249,4.5,39.5,20,127,6.81,4.22,Denver Broncos / 1st / 20th pick / 2019,64.5
Rashad Fenton,CB,71,193,4.52,34,12,117,,4.25,Kansas City Chiefs / 6th / 201st pick / 2019,
Jazz Ferguson,WR,77,227,4.45,37,8,123,7.25,4.59,,
Clelin Ferrell,EDGE,76,264,,,25,,7.26,4.4,Oakland Raiders / 1st / 4th pick / 2019,
Mark Fields,CB,70,192,4.37,,18,,,,,
Ryan Finley,QB,76,213,4.73,30.5,,116,7.2,4.2,Cincinnati Bengals / 4th / 104th pick / 2019,
Nick Fitzgerald,QB,77,226,4.64,29.5,,115,,,,
Cody Ford,OT,76,329,5.21,28.5,19,104,8.27,4.87,Buffalo Bills / 2nd / 38th pick / 2019,
Jack Fox,P,74,213,4.73,27.5,,114,,,,
Hjalte Froholdt,OL,77,306,5.2,27.5,31,105,7.51,4.54,New England Patriots / 4th / 118th pick / 2019,61.4
Travis Fulgham,WR,74,215,4.58,36.5,15,126,,,Detroit Lions / 6th / 184th pick / 2019,
Lamont Gaillard,OL,75,305,,,,,,,Arizona Cardinals / 6th / 179th pick / 2019,
Greg Gaines,DL,73,312,5.16,31,30,109,,,Los Angeles Rams / 4th / 134th pick / 2019,
Malik Gant,S,72,209,4.63,34.5,17,114,7.45,4.3,,
Chauncey Gardner-Johnson,S,71,210,4.48,36,17,117,7.03,4.2,New Orleans Saints / 4th / 105th pick / 2019,65.0
Rashan Gary,DL,76,277,4.58,38,26,120,7.26,4.29,Green Bay Packers / 1st / 12th pick / 2019,82.9
Myles Gaskin,RB,69,205,4.58,35.5,24,118,7.19,4.27,Miami Dolphins / 7th / 234th pick / 2019,
Matt Gay,K,72,232,,,,,,,Tampa Bay Buccaneers / 5th / 145th pick / 2019,
Zach Gentry,TE,80,265,4.9,29.5,12,110,7.4,4.53,Pittsburgh Steelers / 5th / 141st pick / 2019,
Joe Giles-Harris,LB,74,234,4.75,29.5,17,111,,,,
Andrew Van ginkel,LB,75,241,,38,17,123,6.89,4.14,Miami Dolphins / 5th / 151st pick / 2019,
Kevin Givens,DL,73,285,5.08,31,32,115,7.63,4.62,,
Dan Godsil,LS,76,241,5,34.5,16,118,7.56,4.55,,
Terry Godwin,WR,71,184,4.55,36.5,,117,6.96,,Carolina Panthers / 7th / 237th pick / 2019,
Carl Granderson,EDGE,77,254,4.79,35,,119,7.44,4.41,,80.4
Derwin Gray,OT,76,320,5.26,,26,90,,,Pittsburgh Steelers / 7th / 219th pick / 2019,
Gerri Green,EDGE,76,252,4.63,35,24,114,7.27,4.42,Indianapolis Colts / 6th / 199th pick / 2019,
Donnell Greene,OT,77,335,,,,,,,,
Ethan Greenidge,OL,76,327,,,,,,,,
Dre Greenlaw,LB,71,237,,33,24,117,,,San Francisco 49ers / 5th / 148th pick / 2019,79.6
Will Grier,QB,74,217,4.84,34,,112,7.09,4.28,Carolina Panthers / 3rd / 100th pick / 2019,
Porter Gustin,EDGE,76,255,4.69,35.5,31,119,,,,
Emanuel Hall,WR,74,201,4.39,43.5,15,141,,,,
Nate Hall,LB,74,225,,,,,,,,
Terez Hall,LB,73,230,,,20,,,,,
Saquan Hampton,S,73,206,4.48,,14,125,,,New Orleans Saints / 6th / 177th pick / 2019,
Terrill Hanks,LB,74,242,4.98,35.5,21,118,,,,
Chase Hansen,LB,75,222,,,,,,,,
Mecole Hardman,WR,70,187,4.33,36.5,17,119,,,Kansas City Chiefs / 2nd / 56th pick / 2019,
Kelvin Harmon,WR,74,221,4.6,32.5,18,117,7.15,4.32,Washington Redskins / 6th / 206th pick / 2019,
Damien Harris,RB,70,216,4.57,37,16,121,,,New England Patriots / 3rd / 87th pick / 2019,
Will Harris,S,73,207,4.41,36.5,20,123,6.91,4.12,Detroit Lions / 3rd / 81st pick / 2019,
N'Keal Harry,WR,74,228,4.53,38.5,27,122,,,New England Patriots / 1st / 32nd pick / 2019,
Montre Hartage,CB,71,190,4.68,34.5,9,123,6.95,4.08,,
Dwayne Haskins,QB,75,231,5.04,28.5,,,,,Washington Redskins / 1st / 15th pick / 2019,
Phil Haynes,OL,76,322,5.2,31,33,108,7.76,4.95,Seattle Seahawks / 4th / 124th pick / 2019,
Daniel Helm,TE,76,249,4.89,,14,,,,,
Darrell Henderson,RB,68,208,4.49,33.5,22,121,,,Los Angeles Rams / 3rd / 70th pick / 2019,
Nate Herbig,OL,75,335,5.41,24,29,90,8.15,5.04,,
Karan Higdon,RB,69,206,4.49,34,21,123,,,,
Justice Hill,RB,70,198,4.4,40,21,130,,,Baltimore Ravens / 4th / 113th pick / 2019,
Trysten Hill,DL,75,308,5.04,35,28,115,7.7,4.38,Dallas Cowboys / 2nd / 58th pick / 2019,
T.J. Hockenson,TE,77,251,4.7,37.5,17,123,7.02,4.18,Detroit Lions / 1st / 8th pick / 2019,73.2
Alijah Holder,CB,73,191,4.6,36,9,121,6.7,4.15,,
Justin Hollins,EDGE,77,248,4.5,36.5,25,119,7.06,4.4,Denver Broncos / 5th / 156th pick / 2019,
Elijah Holyfield,RB,70,217,4.78,29.5,26,118,,,,
Travis Homer,RB,70,201,4.48,39.5,17,130,7.07,4.31,Seattle Seahawks / 6th / 204th pick / 2019,
Amani Hooker,S,71,210,4.48,37,14,123,6.81,4.1,Tennessee Titans / 4th / 116th pick / 2019,
Tytus Howard,OT,77,322,5.05,29.5,21,103,8.34,4.87,Houston Texans / 1st / 23rd pick / 2019,67.9
Albert Huggins,DL,75,305,5.12,25.5,35,101,7.84,4.84,,
Lil'Jordan Humphrey,WR,76,210,4.75,33.5,13,119,7.09,4.29,,
Jalen Hurd,WR,77,226,,,23,,,,San Francisco 49ers / 3rd / 67th pick / 2019,
Mitch Hyatt,OT,77,303,,25.5,28,102,7.72,4.52,,
Alec Ingold,FB,73,242,4.89,34,16,116,7.35,4.32,,58.3
Andy Isabella,WR,69,188,4.31,36.5,15,121,6.95,4.15,Arizona Cardinals / 2nd / 62nd pick / 2019,
Martez Ivey,OL,77,315,,,,,,,,
Joe Jackson,DL,76,275,,27,22,109,,,Dallas Cowboys / 5th / 165th pick / 2019,
Mike Jackson,CB,73,210,4.45,40.5,13,130,7.12,4.12,Dallas Cowboys / 5th / 158th pick / 2019,
Tyree Jackson,QB,79,249,4.59,34.5,,120,7.09,4.28,,
Josh Jacobs,RB,70,220,,,,,,,Oakland Raiders / 1st / 24th pick / 2019,91.6
Andre James,OT,76,299,5.32,29,21,105,8,4.84,,62.8
Cece Jefferson,EDGE,73,266,5.02,30.5,17,108,7.5,4.53,,
Jalen Jelks,EDGE,77,256,4.92,32.5,19,113,7.22,4.59,Dallas Cowboys / 7th / 241st pick / 2019,
Elgton Jenkins,OL,76,310,,28,29,109,7.77,4.62,Green Bay Packers / 2nd / 44th pick / 2019,
Gary Jennings,WR,73,214,4.42,37,20,127,7.32,4.15,Seattle Seahawks / 4th / 120th pick / 2019,
Devon Johnson,OT,79,338,5.16,27.5,26,89,8.34,5.28,,
Anthony Johnson,WR,74,209,,32.5,18,122,7.12,,,
Darryl Johnson,EDGE,78,253,,,20,,,,Buffalo Bills / 7th / 225th pick / 2019,
Diontae Johnson,WR,70,183,4.53,33.5,15,123,7.09,4.45,Pittsburgh Steelers / 3rd / 66th pick / 2019,69.6
Fred Johnson,OL,79,326,,,,,,,,
Gary Johnson,LB,72,226,4.43,33.5,16,121,7.15,4.57,,
Isaiah Johnson,CB,74,208,4.4,36.5,,133,6.81,4.06,Oakland Raiders / 4th / 129th pick / 2019,
Jaquan Johnson,S,70,191,4.69,33,18,121,,,Buffalo Bills / 6th / 181st pick / 2019,
Keesean Johnson,WR,73,201,4.6,30,14,117,7.28,4.23,Arizona Cardinals / 6th / 174th pick / 2019,
Lonnie Johnson,CB,74,213,4.52,38,15,129,7.01,4.1,Houston Texans / 2nd / 54th pick / 2019,
Bisi Johnson,WR,72,204,4.51,38,14,124,6.88,4.16,Minnesota Vikings / 7th / 247th pick / 2019,
Daniel Jones,QB,77,221,4.81,33.5,,120,7,4.41,New York Giants / 1st / 6th pick / 2019,75.8
Dre'Mont Jones,DL,75,281,5.12,31.5,,110,7.71,4.53,Denver Broncos / 3rd / 71st pick / 2019,
Jordan Jones,LB,74,234,4.62,32.5,23,123,,4.37,,
Tyler Jones,OT,75,306,,31.5,23,111,7.75,4.82,,
Michael Jordan,OT,78,312,5.27,32.5,19,116,7.71,4.71,Cincinnati Bengals / 4th / 136th pick / 2019,
Kendall Joseph,LB,72,233,,,25,,,,,
Vosean Joseph,LB,73,230,,,,,,,Buffalo Bills / 5th / 147th pick / 2019,
Kingsley Keke,DL,75,288,4.95,31.5,,111,7.55,4.46,Green Bay Packers / 5th / 150th pick / 2019,
Brandon Knight,OT,76,314,,,,,,,,
Dawson Knox,TE,76,254,,34.5,16,,7.12,4.27,Buffalo Bills / 3rd / 96th pick / 2019,66.5
Tre Lamar,LB,75,253,,,,,,,,
Dexter Lawrence,DL,76,342,5.05,,36,,,,New York Giants / 1st / 17th pick / 2019,91.6
Justin Layne,CB,74,192,4.5,37.5,,134,6.9,4.09,Pittsburgh Steelers / 3rd / 83rd pick / 2019,
Jonathan Ledbetter,DL,76,280,5.14,26.5,22,108,,,,
Iman Lewis-Marshall,CB,73,207,4.53,,16,,,,Baltimore Ravens / 4th / 127th pick / 2019,
Chris Lindstrom,OL,76,308,4.91,30.5,25,117,7.61,4.54,Atlanta Falcons / 1st / 14th pick / 2019,
Greg Little,OT,77,310,5.33,25,,113,,4.74,Carolina Panthers / 2nd / 37th pick / 2019,
Drew Lock,QB,76,228,4.69,31,,112,7.03,4.12,Denver Broncos / 2nd / 42nd pick / 2019,
Damarkus Lodge,WR,74,202,4.55,33.5,11,119,7.06,4.53,,
David Long,CB,71,196,4.45,39.5,15,120,6.45,3.97,Los Angeles Rams / 3rd / 79th pick / 2019,76.2
Bryce Love,RB,69,200,,,18,,,,Washington Redskins / 4th / 112th pick / 2019,
Julian Love,CB,71,195,4.54,36,14,121,6.72,4.1,New York Giants / 4th / 108th pick / 2019,66.7
Alize Mack,TE,76,249,4.7,36,22,120,7.27,4.34,New Orleans Saints / 7th / 231st pick / 2019,
Daylon Mack,DL,73,336,5.1,27,30,102,8.02,4.95,Baltimore Ravens / 5th / 160th pick / 2019,
Alexander Mattison,RB,71,221,4.67,35,22,127,7.13,4.29,Minnesota Vikings / 3rd / 102nd pick / 2019,71.5
Erik McCoy,OL,76,303,4.89,31,29,107,8.28,4.62,New Orleans Saints / 2nd / 48th pick / 2019,61.2
Kaleb McGary,OT,79,317,5.05,33.5,23,111,7.66,4.58,Atlanta Falcons / 1st / 31st pick / 2019,86.6
Connor McGovern,OL,77,308,,,28,112,7.66,4.57,Dallas Cowboys / 3rd / 90th pick / 2019,69.6
Mark McLaurin,S,73,212,4.77,36,12,,,4.46,,
Terry McLaurin,WR,72,208,4.35,37.5,18,125,7.01,4.15,Washington Redskins / 3rd / 76th pick / 2019,79.9
Trace McSorley,QB,72,202,4.57,33,,115,7.09,4.12,Baltimore Ravens / 6th / 197th pick / 2019,
D.K. Metcalf,WR,75,228,4.33,40.5,27,134,7.38,4.5,Seattle Seahawks / 2nd / 64th pick / 2019,77.7
Jakobi Meyers,WR,74,203,4.63,37,13,118,7.07,4.23,,75.6
Joshua Miles,OT,77,314,5.32,36,,109,8.07,4.75,Arizona Cardinals / 7th / 248th pick / 2019,
Christian Miller,EDGE,75,247,,38.5,,118,,,Carolina Panthers / 4th / 115th pick / 2019,
Jordan Miller,CB,73,186,4.49,37,6,125,,,Atlanta Falcons / 5th / 172nd pick / 2019,
Shareef Miller,EDGE,76,254,4.69,29.5,16,,,4.45,Philadelphia Eagles / 4th / 138th pick / 2019,
Gardner Minshew,QB,73,225,4.97,33.5,,116,7.14,4.45,Jacksonville Jaguars / 6th / 178th pick / 2019,
Dillon Mitchell,WR,73,197,4.46,36.5,12,122,,4.29,Minnesota Vikings / 7th / 239th pick / 2019,
David Montgomery,RB,70,222,4.63,28.5,15,121,,,Chicago Bears / 3rd / 73rd pick / 2019,67.9
Jalin Moore,RB,70,212,,,27,,,,,
Foster Moreau,TE,76,253,4.66,36.5,22,121,7.16,4.11,Oakland Raiders / 4th / 137th pick / 2019,61.1
Stanley Morgan,WR,72,202,4.53,38.5,14,125,6.78,4.13,,
Trayvon Mullen,CB,73,199,4.46,34.5,,123,,,Oakland Raiders / 2nd / 40th pick / 2019,
Byron Murphy,CB,71,190,4.55,36.5,14,120,,,Arizona Cardinals / 2nd / 33rd pick / 2019,
Kyler Murray,QB,70,207,,,,,,,Arizona Cardinals / 1st / 1st pick / 2019,67.1
Nyqwan Murray,WR,70,191,4.63,34,8,113,7.2,4.4,,
Isaac Nauta,TE,75,244,4.91,28,19,,7.45,4.43,Detroit Lions / 7th / 224th pick / 2019,
Anthony Nelson,DL,79,271,4.82,35.5,18,118,6.95,4.23,Tampa Bay Buccaneers / 4th / 107th pick / 2019,
Yosh Nijman,OT,79,324,,,27,114,8.07,4.5,,
Bobby Okereke,LB,73,239,4.58,33.5,,122,7.25,4.26,Indianapolis Colts / 3rd / 89th pick / 2019,73.3
Ed Oliver,DL,74,287,,36,32,120,,,Buffalo Bills / 1st / 9th pick / 2019,67.5
Josh Oliver,TE,77,249,4.63,34,22,117,7.21,4.47,Jacksonville Jaguars / 3rd / 69th pick / 2019,72.3
Qadree Ollison,RB,73,228,4.58,29.5,19,114,7.53,4.31,Atlanta Falcons / 5th / 152nd pick / 2019,
Charles Omenihu,DL,77,280,4.92,36.5,,115,7.48,4.36,Houston Texans / 5th / 161st pick / 2019,69.7
Iosua Opeta,OL,76,301,5.02,33,39,112,8.06,4.94,,
Amani Oruwariye,CB,74,205,4.47,36.5,17,120,6.82,4.16,Detroit Lions / 5th / 146th pick / 2019,
Javon Patterson,OL,75,307,5.13,27.5,27,98,7.72,4.78,Indianapolis Colts / 7th / 246th pick / 2019,
Jamal Peters,CB,74,218,4.63,,,,,,,
Ross Pierschbacher,OT,76,307,5.2,22.5,20,,7.83,4.7,Washington Redskins / 5th / 153rd pick / 2019,
Trey Pipkins,OT,78,309,5.12,33.5,16,114,7.61,4.7,Los Angeles Chargers / 3rd / 91st pick / 2019,
Jachai Polite,EDGE,75,258,4.84,32,,,,,New York Jets / 3rd / 68th pick / 2019,
Tony Pollard,RB,72,210,4.52,35,13,121,,,Dallas Cowboys / 4th / 128th pick / 2019,90.2
Ryan Pope,OT,79,320,,,25,,,,,
Ben Powers,OL,76,307,,,21,,,,Baltimore Ravens / 4th / 123rd pick / 2019,
Germaine Pratt,LB,74,240,4.57,32.5,24,116,,,Cincinnati Bengals / 3rd / 72nd pick / 2019,78.4
Isaiah Prince,OT,78,305,5.09,27,23,115,7.9,5.02,Miami Dolphins / 6th / 202nd pick / 2019,
Ryan Pulley,CB,71,209,4.61,31,11,111,,,,
Taylor Rapp,S,72,208,,35,17,115,6.82,3.99,Los Angeles Rams / 2nd / 61st pick / 2019,76.2
Wyatt Ray,EDGE,75,257,4.83,34,25,118,7.34,4.31,,
Dax Raymond,TE,77,255,4.73,32,15,109,7.15,4.39,,
Sheldrick Redwine,S,72,196,4.44,39,,130,,4.14,Cleveland Browns / 4th / 119th pick / 2019,
Hunter Renfrow,WR,70,184,4.59,35,7,116,6.8,4.19,Oakland Raiders / 5th / 149th pick / 2019,
Riley Ridley,WR,73,199,4.58,30.5,13,124,7.22,4.28,Chicago Bears / 4th / 126th pick / 2019,
Dalton Risner,OT,77,312,5.3,28.5,23,110,7.69,4.52,Denver Broncos / 2nd / 41st pick / 2019,
Tyler Roemer,OT,78,312,5.21,30.5,18,108,7.75,4.76,,
Dontavius Russell,DL,75,319,5.15,,24,,7.81,4.77,Jacksonville Jaguars / 7th / 235th pick / 2019,
Brett Rypien,QB,74,210,4.91,33,,116,7.1,4.29,,
Dru Samia,OT,77,305,5.29,27.5,28,101,7.89,4.7,Minnesota Vikings / 4th / 114th pick / 2019,
Drew Sample,TE,77,255,4.71,33.5,,115,7.15,4.31,Cincinnati Bengals / 2nd / 52nd pick / 2019,
Deebo Samuel,WR,71,214,4.48,39,15,122,7.03,4.14,San Francisco 49ers / 2nd / 36th pick / 2019,74.1
Miles Sanders,RB,71,211,4.49,36,20,124,6.89,4.19,Philadelphia Eagles / 2nd / 53rd pick / 2019,71.1
Khalen Saunders,DL,72,324,5.01,30.5,27,101,7.57,4.62,Kansas City Chiefs / 3rd / 84th pick / 2019,
Darnell Savage,S,71,198,4.36,39.5,11,126,7.03,4.14,Green Bay Packers / 1st / 21st pick / 2019,
Jordan Scarlett,RB,71,208,4.47,30,21,116,7.37,4.63,Carolina Panthers / 5th / 154th pick / 2019,
Max Scharping,OT,78,327,,28,27,108,7.77,4.69,Houston Texans / 2nd / 55th pick / 2019,
Lj Scott,RB,72,227,,33,21,120,7.27,4.34,,
Austin Seibert,K,69,213,,,,,,,Cleveland Browns / 5th / 170th pick / 2019,
Kendall Sheffield,CB,71,193,,,,,,,Atlanta Falcons / 4th / 111th pick / 2019,
Kyle Shurmur,QB,76,230,4.91,29.5,,106,7.51,4.53,,
David Sills,WR,75,211,4.57,37.5,14,117,6.97,4.28,,
Devin Singletary,RB,67,203,4.66,35,15,117,7.32,4.4,Buffalo Bills / 3rd / 74th pick / 2019,78.6
Chris Slayton,DL,76,307,5.13,29,28,101,,4.73,New York Giants / 7th / 245th pick / 2019,
Darius Slayton,WR,73,190,4.39,40.5,11,135,7,4.15,New York Giants / 5th / 171st pick / 2019,
Cameron Smith,LB,74,238,4.69,39,15,123,,4.23,Minnesota Vikings / 5th / 162nd pick / 2019,
Irv Smith,TE,74,242,4.63,32.5,19,110,7.32,4.33,Minnesota Vikings / 2nd / 50th pick / 2019,
Jaylen Smith,WR,74,219,4.47,34.5,14,122,7.55,4.48,,
Kaden Smith,TE,77,255,4.92,32,15,108,7.08,4.47,San Francisco 49ers / 6th / 176th pick / 2019,
Saivion Smith,CB,73,199,,33,11,121,7.09,4.37,,
Sutton Smith,EDGE,72,233,4.69,31.5,25,118,6.75,4.32,Pittsburgh Steelers / 6th / 175th pick / 2019,
Benny Snell,RB,70,224,4.66,29.5,16,119,7.07,4.33,Pittsburgh Steelers / 4th / 122nd pick / 2019,
Jace Sternberger,TE,76,251,4.75,31.5,17,113,7.19,4.31,Green Bay Packers / 3rd / 75th pick / 2019,
Easton Stick,QB,73,224,4.62,33.5,,118,6.65,4.05,Los Angeles Chargers / 5th / 166th pick / 2019,
Jarrett Stidham,QB,74,218,4.81,31,,110,7.28,4.33,New England Patriots / 4th / 133rd pick / 2019,
Ty Summers,LB,73,241,4.51,36,27,123,,,Green Bay Packers / 7th / 226th pick / 2019,
Montez Sweat,EDGE,78,260,4.41,36,21,125,7,4.29,Washington Redskins / 1st / 26th pick / 2019,86.4
Tommy Sweeney,TE,76,251,4.83,,17,,,,Buffalo Bills / 7th / 228th pick / 2019,
William Sweet,OT,78,313,5.27,30.5,23,111,8.01,5,,
Jordan Ta'amu,QB,75,221,4.77,27.5,,109,7.06,4.36,,
Sione Takitaki,LB,73,238,4.63,37,24,125,7.21,4.28,Cleveland Browns / 3rd / 80th pick / 2019,66.5
Trevon Tate,OL,74,293,,,22,,,,,
Jahlani Tavai,LB,74,250,,,,,,,Detroit Lions / 2nd / 43rd pick / 2019,73.5
Jawaan Taylor,OT,77,312,,,24,,,,Jacksonville Jaguars / 2nd / 35th pick / 2019,
Marvell Tell,S,74,198,,42,,136,6.63,4.01,Indianapolis Colts / 5th / 144th pick / 2019,
Derrek Thomas,CB,75,189,4.44,39.5,8,131,,,,
Cody Thompson,WR,73,205,4.57,38.5,19,119,6.87,4.03,,
Deionte Thompson,S,73,195,,,,,,,Arizona Cardinals / 5th / 139th pick / 2019,
Juan Thornhill,S,72,205,4.42,44,21,141,,,Kansas City Chiefs / 2nd / 63rd pick / 2019,72.7
Clayton Thorson,QB,76,222,,,,,,,Philadelphia Eagles / 5th / 167th pick / 2019,
Jerry Tillery,DL,78,295,4.93,32,23,115,7.45,4.33,Los Angeles Chargers / 1st / 28th pick / 2019,
Cole Tracy,K,70,184,,,,,,,,
Drue Tranquill,LB,74,234,4.57,37.5,31,122,6.94,4.14,Los Angeles Chargers / 4th / 130th pick / 2019,66.3
Oli Udoh,OT,77,323,5.05,28.5,26,105,7.88,5.05,,
D'Andre Walker,EDGE,74,251,,,,,,,Tennessee Titans / 5th / 168th pick / 2019,
Kahale Warring,TE,77,252,4.67,36.5,19,122,7.21,4.25,Houston Texans / 3rd / 86th pick / 2019,
Armon Watts,DL,77,300,5.23,,,,,,Minnesota Vikings / 6th / 190th pick / 2019,
Jamarius Way,WR,75,215,4.63,32.5,16,119,,4.66,,
Mike Weber,RB,70,211,4.47,33.5,22,,,,Dallas Cowboys / 7th / 218th pick / 2019,
Ken Webster,CB,71,203,4.43,43,18,133,6.85,4.14,New England Patriots / 7th / 252nd pick / 2019,
Trevon Wesco,TE,75,267,4.89,31,24,117,7.18,4.38,New York Jets / 4th / 121st pick / 2019,
Alex Wesley,WR,72,190,4.45,38.5,13,125,7.4,4.44,,
Antoine Wesley,WR,76,206,,37,6,117,7.07,4.26,,
Darius West,S,71,208,4.39,33.5,19,113,,,,
Devin White,LB,72,237,4.42,39.5,22,118,7.07,4.17,Tampa Bay Buccaneers / 1st / 5th pick / 2019,
Christian Wilkins,DL,75,315,5.04,29.5,28,107,,4.55,Miami Dolphins / 1st / 13th pick / 2019,82.2
Dexter Williams,RB,71,212,4.57,36,17,130,7,4.16,Green Bay Packers / 6th / 194th pick / 2019,
Greedy Williams,CB,74,185,4.37,,,,,,Cleveland Browns / 2nd / 46th pick / 2019,
James Williams,RB,69,197,4.58,36.5,,118,7.01,4.25,,
Jonah Williams,OT,76,302,5.12,28,23,100,8.01,4.79,Cincinnati Bengals / 1st / 11th pick / 2019,
Joejuan Williams,CB,76,211,4.64,,17,,,,New England Patriots / 2nd / 45th pick / 2019,
Quinnen Williams,DL,75,303,4.83,30.5,,112,,,New York Jets / 1st / 3rd pick / 2019,90.1
Trayveon Williams,RB,68,206,4.51,33,19,121,7.44,4.44,Cincinnati Bengals / 6th / 182nd pick / 2019,
Gerald Willis,DL,74,302,,,,,,,,
Khari Willis,S,71,213,4.52,34.5,22,118,,,Indianapolis Colts / 4th / 109th pick / 2019,
Caleb Wilson,TE,76,240,4.56,29,,113,7.2,4.4,Arizona Cardinals / 7th / 254th pick / 2019,
Donovan Wilson,S,72,199,,36,18,127,,,Dallas Cowboys / 6th / 213th pick / 2019,71.3
Mack Wilson,LB,73,240,,32,,117,,,Cleveland Browns / 5th / 155th pick / 2019,
Andrew Wingard,S,72,209,4.56,36.5,9,121,7.08,4.2,,
Chase Winovich,EDGE,75,256,4.59,30.5,18,116,6.94,4.11,New England Patriots / 3rd / 77th pick / 2019,
Daniel Wise,DL,75,281,5.28,27.5,22,112,7.53,4.37,,
Mitch Wishnowsky,P,74,218,4.63,32.5,,117,,,San Francisco 49ers / 4th / 110th pick / 2019,
Zedrick Woods,S,71,205,4.29,34.5,19,122,7,4.15,,
Evan Worthington,S,74,212,4.63,33.5,17,121,7.07,4.37,,
Renell Wren,DL,77,318,5.01,32,30,118,7.65,4.53,Cincinnati Bengals / 4th / 125th pick / 2019,
Oshane Ximines,EDGE,75,253,4.78,34,24,118,7.13,4.57,New York Giants / 3rd / 95th pick / 2019,
Rock Ya-Sin,CB,72,192,4.51,39.5,18,120,7.31,4.31,Indianapolis Colts / 2nd / 34th pick / 2019,65.7
